,flow,volume,vortex,side_f,side_h1,PWG,meta
0,0.0,0.0,275.0,1500.0,5000.0,ISO267821.0,DigiDoc 1
1,0.0,0.0,834.86328125,1500.0,5000.0,ISO267821.0,DigiDoc 1
2,0.0,0.0,834.86328125,1500.0,5000.0,ISO267821.0,DigiDoc 1
3,0.0,0.0,834.86328125,1500.0,5000.0,ISO267821.0,DigiDoc 1
4,0.0,0.0,834.86328125,1500.0,5000.0,ISO267821.0,DigiDoc 1
5,0.0,0.0,834.86328125,1500.0,5000.0,ISO267821.0,DigiDoc 1
6,0.0,0.0,834.86328125,1500.0,5000.0,ISO267821.0,DigiDoc 1
7,0.0,0.0,834.86328125,1500.0,5000.0,ISO267821.0,DigiDoc 1
8,0.0,0.0,834.86328125,1500.0,5000.0,ISO267821.0,DigiDoc 1
9,0.0,0.0,856.396484375,1500.0,5000.0,ISO267821.0,DigiDoc 1
10,0.0,0.0,856.396484375,1500.0,5000.0,ISO267821.0,DigiDoc 1
11,0.0,0.0,920.99609375,1500.0,5000.0,ISO267821.0,DigiDoc 1
12,0.0,0.0,920.99609375,1500.0,5000.0,ISO267821.0,DigiDoc 1
13,0.0,0.0,920.99609375,1500.0,5000.0,ISO267821.0,DigiDoc 1
14,0.0,0.0,920.99609375,1500.0,5000.0,ISO267821.0,DigiDoc 1
15,0.0,0.0,899.462890625,1500.0,5000.0,ISO267821.0,DigiDoc 1
16,0.0,0.0,899.462890625,1500.0,5000.0,ISO267821.0,DigiDoc 1
17,0.0,0.0,899.462890625,1500.0,5000.0,ISO267821.0,DigiDoc 1
18,0.0,0.0,899.462890625,1500.0,5000.0,ISO267821.0,DigiDoc 1
19,0.0,0.0,899.462890625,1500.0,5000.0,ISO267821.0,DigiDoc 1
20,0.0,0.0,877.9296875,1500.0,5000.0,ISO267821.0,DigiDoc 1
21,0.0,0.0,899.462890625,1500.0,5000.0,ISO267821.0,DigiDoc 1
22,0.0,0.0,899.462890625,1500.0,5000.0,ISO267821.0,DigiDoc 1
23,0.0,0.0,899.462890625,1500.0,5000.0,ISO267821.0,DigiDoc 1
24,0.0,0.0,899.462890625,1500.0,5000.0,ISO267821.0,DigiDoc 1
25,0.0,0.0,899.462890625,1500.0,5000.0,ISO267821.0,DigiDoc 1
26,0.0,0.0,899.462890625,1500.0,5000.0,ISO267821.0,DigiDoc 1
27,0.0,0.0,899.462890625,1500.0,5000.0,ISO267821.0,DigiDoc 1
28,0.0,0.0,899.462890625,1500.0,5000.0,ISO267821.0,DigiDoc 1
29,0.0,0.0,899.462890625,1500.0,5000.0,ISO267821.0,DigiDoc 1
30,0.0,0.0,899.462890625,1500.0,5000.0,ISO267821.0,DigiDoc 1
31,0.0,0.0,899.462890625,1500.0,5000.0,ISO267821.0,DigiDoc 1
32,0.0,0.0,899.462890625,1500.0,5000.0,ISO267821.0,DigiDoc 1
33,0.0,0.0,899.462890625,1500.0,5000.0,ISO267821.0,DigiDoc 1
34,0.0,0.0,899.462890625,1500.0,5000.0,ISO267821.0,DigiDoc 1
35,0.0,0.0,899.462890625,1500.0,5000.0,ISO267821.0,DigiDoc 1
36,0.0,0.0,899.462890625,1500.0,5000.0,ISO267821.0,DigiDoc 1
37,0.0,0.0,899.462890625,1500.0,5000.0,ISO267821.0,DigiDoc 1
38,0.0,0.0,899.462890625,1500.0,5000.0,ISO267821.0,DigiDoc 1
39,0.0,0.0,899.462890625,1500.0,5000.0,ISO267821.0,DigiDoc 1
40,0.0,0.0,899.462890625,1500.0,5000.0,ISO267821.0,DigiDoc 1
41,0.0,0.0,899.462890625,1500.0,5000.0,ISO267821.0,DigiDoc 1
42,0.0,0.0,899.462890625,1500.0,5000.0,ISO267821.0,DigiDoc 1
43,0.0,0.0,899.462890625,1500.0,5000.0,ISO267821.0,DigiDoc 1
44,0.0,0.0,985.595703125,1500.0,5000.0,ISO267821.0,DigiDoc 1
45,0.0,0.0,985.595703125,1500.0,5000.0,ISO267821.0,DigiDoc 1
46,0.0,0.0,985.595703125,1500.0,5000.0,ISO267821.0,DigiDoc 1
47,0.0,0.0,964.0625,1500.0,5000.0,ISO267821.0,DigiDoc 1
48,0.0,0.0,899.462890625,1500.0,5000.0,ISO267821.0,DigiDoc 1
49,0.0,0.0,899.462890625,1500.0,5000.0,ISO267821.0,DigiDoc 1
50,0.0,0.0,920.99609375,1500.0,5000.0,ISO267821.0,DigiDoc 1
51,0.0,0.0,920.99609375,1500.0,5000.0,ISO267821.0,DigiDoc 1
52,0.0,0.0,899.462890625,1500.0,5000.0,ISO267821.0,DigiDoc 1
53,0.0,0.0,899.462890625,1500.0,5000.0,ISO267821.0,DigiDoc 1
54,0.0,0.0,899.462890625,1500.0,5000.0,ISO267821.0,DigiDoc 1
55,0.0,0.0,899.462890625,1500.0,5000.0,ISO267821.0,DigiDoc 1
56,0.0,0.0,899.462890625,1500.0,5000.0,ISO267821.0,DigiDoc 1
57,0.0,0.0,899.462890625,1500.0,5000.0,ISO267821.0,DigiDoc 1
58,0.0,0.0,899.462890625,1500.0,5000.0,ISO267821.0,DigiDoc 1
59,0.0,0.0,964.0625,1500.0,5000.0,ISO267821.0,DigiDoc 1
60,0.0,0.0,964.0625,1500.0,5000.0,ISO267821.0,DigiDoc 1
61,0.0,0.0,964.0625,1500.0,5000.0,ISO267821.0,DigiDoc 1
62,0.0,0.0,964.0625,1500.0,5000.0,ISO267821.0,DigiDoc 1
63,0.0,0.0,964.0625,1500.0,5000.0,ISO267821.0,DigiDoc 1
64,0.0,0.0,899.462890625,1543.06640625,5000.0,ISO267821.0,DigiDoc 1
65,0.0,0.0,899.462890625,1586.1328125,5000.0,ISO267821.0,DigiDoc 1
66,0.0,0.0,899.462890625,1586.1328125,5000.0,ISO267821.0,DigiDoc 1
67,0.0,0.0,899.462890625,1586.1328125,5000.0,ISO267821.0,DigiDoc 1
68,0.0,0.0,899.462890625,1586.1328125,5000.0,ISO267821.0,DigiDoc 1
69,0.0,0.0,899.462890625,1586.1328125,5000.0,ISO267821.0,DigiDoc 1
70,0.0,0.0,899.462890625,1586.1328125,5000.0,ISO267821.0,DigiDoc 1
71,0.0,0.0,899.462890625,1586.1328125,5000.0,ISO267821.0,DigiDoc 1
72,0.0,0.0,899.462890625,1586.1328125,5000.0,ISO267821.0,DigiDoc 1
73,0.0,0.0,899.462890625,1586.1328125,5000.0,ISO267821.0,DigiDoc 1
74,0.0,0.0,899.462890625,1586.1328125,5000.0,ISO267821.0,DigiDoc 1
75,0.0,0.0,899.462890625,1586.1328125,5000.0,ISO267821.0,DigiDoc 1
76,0.0,0.0,899.462890625,1586.1328125,5000.0,ISO267821.0,DigiDoc 1
77,0.0,0.0,899.462890625,1500.0,5000.0,ISO267821.0,DigiDoc 1
78,0.0,0.0,899.462890625,1500.0,5064.59960938,ISO267821.0,DigiDoc 1
79,0.0,0.0,899.462890625,1500.0,5129.19921875,ISO267821.0,DigiDoc 1
80,0.0,0.0,899.462890625,1500.0,5215.33203125,ISO267821.0,DigiDoc 1
81,0.0,0.0,899.462890625,1500.0,5215.33203125,ISO267821.0,DigiDoc 1
82,0.0,0.0,899.462890625,1500.0,5215.33203125,ISO267821.0,DigiDoc 1
83,0.0,0.0,899.462890625,1500.0,5215.33203125,ISO267821.0,DigiDoc 1
84,0.0,0.0,899.462890625,1500.0,5215.33203125,ISO267821.0,DigiDoc 1
85,0.0,0.0,899.462890625,1500.0,5215.33203125,ISO267821.0,DigiDoc 1
86,0.0,0.0,899.462890625,1500.0,5215.33203125,ISO267821.0,DigiDoc 1
87,0.0,0.0,899.462890625,1500.0,5301.46484375,ISO267821.0,DigiDoc 1
88,0.0,0.0,899.462890625,1500.0,5301.46484375,ISO267821.0,DigiDoc 1
89,0.0,0.0,899.462890625,1500.0,5344.53125,ISO267821.0,DigiDoc 1
90,0.0,0.0,899.462890625,1500.0,5344.53125,ISO267821.0,DigiDoc 1
91,0.0,0.0,899.462890625,1500.0,5344.53125,ISO267821.0,DigiDoc 1
92,0.0,0.0,899.462890625,1500.0,5344.53125,ISO267821.0,DigiDoc 1
93,0.0,0.0,899.462890625,1500.0,5344.53125,ISO267821.0,DigiDoc 1
94,0.0,0.0,899.462890625,1500.0,5409.13085938,ISO267821.0,DigiDoc 1
95,0.0,0.0,899.462890625,1500.0,5409.13085938,ISO267821.0,DigiDoc 1
96,0.0,0.0,899.462890625,1500.0,5409.13085938,ISO267821.0,DigiDoc 1
97,0.0,0.0,899.462890625,1500.0,5387.59765625,ISO267821.0,DigiDoc 1
98,0.0,0.0,899.462890625,1500.0,5387.59765625,ISO267821.0,DigiDoc 1
99,0.0,0.0,899.462890625,1500.0,5387.59765625,ISO267821.0,DigiDoc 1
100,0.0,0.0,899.462890625,1500.0,5387.59765625,ISO267821.0,DigiDoc 1
101,0.0,0.0,899.462890625,1500.0,5387.59765625,ISO267821.0,DigiDoc 1
102,0.0,0.0,899.462890625,1500.0,5387.59765625,ISO267821.0,DigiDoc 1
103,0.0,0.0,899.462890625,1500.0,5387.59765625,ISO267821.0,DigiDoc 1
104,0.0,0.0,899.462890625,1500.0,5387.59765625,ISO267821.0,DigiDoc 1
105,0.0,0.0,899.462890625,1500.0,5387.59765625,ISO267821.0,DigiDoc 1
106,0.0,0.0,899.462890625,1500.0,5387.59765625,ISO267821.0,DigiDoc 1
107,0.0,0.0,899.462890625,1500.0,5473.73046875,ISO267821.0,DigiDoc 1
108,0.0,0.0,899.462890625,1500.0,5473.73046875,ISO267821.0,DigiDoc 1
109,0.0,0.0,899.462890625,1500.0,5473.73046875,ISO267821.0,DigiDoc 1
110,0.0,0.0,899.462890625,1500.0,5473.73046875,ISO267821.0,DigiDoc 1
111,0.0,0.0,899.462890625,1500.0,5473.73046875,ISO267821.0,DigiDoc 1
112,0.0,0.0,964.0625,1500.0,5473.73046875,ISO267821.0,DigiDoc 1
113,0.0,0.0,964.0625,1500.0,5473.73046875,ISO267821.0,DigiDoc 1
114,0.0,0.0,964.0625,1500.0,5473.73046875,ISO267821.0,DigiDoc 1
115,0.0,0.0,985.595703125,1500.0,5473.73046875,ISO267821.0,DigiDoc 1
116,0.0,0.0,985.595703125,1500.0,5473.73046875,ISO267821.0,DigiDoc 1
117,0.0,0.0,985.595703125,1500.0,5452.19726562,ISO267821.0,DigiDoc 1
118,0.0,0.0,985.595703125,1500.0,5452.19726562,ISO267821.0,DigiDoc 1
119,0.0,0.0,985.595703125,1500.0,5452.19726562,ISO267821.0,DigiDoc 1
120,0.0,0.0,1007.12890625,1500.0,5452.19726562,ISO267821.0,DigiDoc 1
121,0.0,0.0,985.595703125,1500.0,5452.19726562,ISO267821.0,DigiDoc 1
122,0.0,0.0,1007.12890625,1500.0,5430.6640625,ISO267821.0,DigiDoc 1
123,0.0,0.0,1007.12890625,1500.0,5430.6640625,ISO267821.0,DigiDoc 1
124,0.0,0.0,1007.12890625,1500.0,5430.6640625,ISO267821.0,DigiDoc 1
125,0.0,0.0,1007.12890625,1500.0,5430.6640625,ISO267821.0,DigiDoc 1
126,0.0,0.0,1050.1953125,1500.0,5430.6640625,ISO267821.0,DigiDoc 1
127,0.0,0.0,1050.1953125,1500.0,5430.6640625,ISO267821.0,DigiDoc 1
128,0.0,0.0,1050.1953125,1500.0,5473.73046875,ISO267821.0,DigiDoc 1
129,0.0,0.0,1050.1953125,1500.0,5473.73046875,ISO267821.0,DigiDoc 1
130,0.0,0.0,1071.72851562,1500.0,5473.73046875,ISO267821.0,DigiDoc 1
131,0.0,0.0,1071.72851562,1500.0,5473.73046875,ISO267821.0,DigiDoc 1
132,0.0,0.0,1071.72851562,1500.0,5409.13085938,ISO267821.0,DigiDoc 1
133,0.0,0.0,1071.72851562,1500.0,5387.59765625,ISO267821.0,DigiDoc 1
134,0.0,0.0,1071.72851562,1500.0,5387.59765625,ISO267821.0,DigiDoc 1
135,0.0,0.0,1093.26171875,1500.0,5387.59765625,ISO267821.0,DigiDoc 1
136,0.0,0.0,1093.26171875,1500.0,5387.59765625,ISO267821.0,DigiDoc 1
137,0.0,0.0,1093.26171875,1500.0,5387.59765625,ISO267821.0,DigiDoc 1
138,0.0,0.0,1093.26171875,1500.0,5387.59765625,ISO267821.0,DigiDoc 1
139,0.0,0.0,1093.26171875,1500.0,5387.59765625,ISO267821.0,DigiDoc 1
140,0.0,0.0,1093.26171875,1500.0,5322.99804688,ISO267821.0,DigiDoc 1
141,0.0,0.0,1093.26171875,1500.0,5279.93164062,ISO267821.0,DigiDoc 1
142,0.0,0.0,1093.26171875,1500.0,5279.93164062,ISO267821.0,DigiDoc 1
143,0.0,0.0,1071.72851562,1500.0,5279.93164062,ISO267821.0,DigiDoc 1
144,0.0,0.0,1071.72851562,1500.0,5279.93164062,ISO267821.0,DigiDoc 1
145,0.0,0.0,1071.72851562,1500.0,5258.3984375,ISO267821.0,DigiDoc 1
146,0.0,0.0,1114.79492188,1500.0,5258.3984375,ISO267821.0,DigiDoc 1
147,0.0,0.0,1114.79492188,1500.0,5258.3984375,ISO267821.0,DigiDoc 1
148,0.0,0.0,1114.79492188,1500.0,5258.3984375,ISO267821.0,DigiDoc 1
149,0.0,0.0,1114.79492188,1500.0,5258.3984375,ISO267821.0,DigiDoc 1
150,0.0,0.0,1093.26171875,1500.0,5258.3984375,ISO267821.0,DigiDoc 1
151,0.0,0.0,1093.26171875,1500.0,5258.3984375,ISO267821.0,DigiDoc 1
152,0.0,0.0,1093.26171875,1500.0,5258.3984375,ISO267821.0,DigiDoc 1
153,0.0,0.0,1136.328125,1500.0,5258.3984375,ISO267821.0,DigiDoc 1
154,-0.000487820991022,-1.41808427623e-06,1222.4609375,1500.0,5193.79882812,ISO267821.0,DigiDoc 1
155,0.0348059962732,9.97621374483e-05,1222.4609375,1500.0,5193.79882812,ISO267821.0,DigiDoc 1
156,0.0902861685962,0.000362221929879,1243.99414062,1500.0,5193.79882812,ISO267821.0,DigiDoc 1
157,0.143682071055,0.000779902368993,1308.59375,1500.0,5172.265625,ISO267821.0,DigiDoc 1
158,0.198189871093,0.00135603571519,1394.7265625,1500.0,5107.66601562,ISO267821.0,DigiDoc 1
159,0.251966763792,0.00208849723784,1394.7265625,1500.0,5107.66601562,ISO267821.0,DigiDoc 1
160,0.306310900844,0.00297893590309,1394.7265625,1500.0,5107.66601562,ISO267821.0,DigiDoc 1
161,0.360709236615,0.00402750926534,1394.7265625,1500.0,5107.66601562,ISO267821.0,DigiDoc 1
162,0.415025961938,0.00523398008493,1416.25976562,1500.0,5107.66601562,ISO267821.0,DigiDoc 1
163,0.468876276798,0.00659699251748,1459.32617188,1500.0,5107.66601562,ISO267821.0,DigiDoc 1
164,0.523319265615,0.00811826945241,1459.32617188,1500.0,5107.66601562,ISO267821.0,DigiDoc 1
165,0.576904395758,0.0097953171145,1459.32617188,1500.0,5107.66601562,ISO267821.0,DigiDoc 1
166,0.63236195066,0.011633578599,1459.32617188,1500.0,5107.66601562,ISO267821.0,DigiDoc 1
167,0.684157945352,0.0136224098355,1459.32617188,1500.0,5107.66601562,ISO267821.0,DigiDoc 1
168,0.774455312823,0.0158737334193,1545.45898438,1500.0,5107.66601562,ISO267821.0,DigiDoc 1
169,0.896395778838,0.0184795351019,1545.45898438,1500.0,5107.66601562,ISO267821.0,DigiDoc 1
170,1.01055994581,0.021417209363,1566.9921875,1500.0,5107.66601562,ISO267821.0,DigiDoc 1
171,1.130106087,0.0247024014764,1588.52539062,1500.0,5129.19921875,ISO267821.0,DigiDoc 1
172,1.24535275116,0.0283226129623,1588.52539062,1500.0,5129.19921875,ISO267821.0,DigiDoc 1
173,1.36478380956,0.0322900077575,1610.05859375,1500.0,5129.19921875,ISO267821.0,DigiDoc 1
174,1.47974441972,0.036591590373,1610.05859375,1500.0,5129.19921875,ISO267821.0,DigiDoc 1
175,1.6432401463,0.0413684512634,1631.59179688,1500.0,5129.19921875,ISO267821.0,DigiDoc 1
176,1.82809120376,0.046682669879,1631.59179688,1500.0,5129.19921875,ISO267821.0,DigiDoc 1
177,2.01092574042,0.0525283842407,1696.19140625,1500.0,5129.19921875,ISO267821.0,DigiDoc 1
178,2.19154030688,0.0588991409467,1717.72460938,1500.0,5129.19921875,ISO267821.0,DigiDoc 1
179,2.4089226428,0.0659018230479,1717.72460938,1500.0,5129.19921875,ISO267821.0,DigiDoc 1
180,2.65516857592,0.07362033635,1717.72460938,1500.0,5129.19921875,ISO267821.0,DigiDoc 1
181,2.895622449,0.0820378434692,1739.2578125,1500.0,5129.19921875,ISO267821.0,DigiDoc 1
182,3.13597011002,0.0911540356495,1739.2578125,1500.0,5215.33203125,ISO267821.0,DigiDoc 1
183,3.37481875487,0.100964555286,1760.79101562,1500.0,5215.33203125,ISO267821.0,DigiDoc 1
184,3.60902992181,0.111455921337,1846.92382812,1500.0,5215.33203125,ISO267821.0,DigiDoc 1
185,3.8144194944,0.1225443501,1846.92382812,1500.0,5215.33203125,ISO267821.0,DigiDoc 1
186,4.01948883053,0.134228910654,1846.92382812,1500.0,5215.33203125,ISO267821.0,DigiDoc 1
187,4.21473315746,0.146481041926,1846.92382812,1500.0,5172.265625,ISO267821.0,DigiDoc 1
188,4.39632233679,0.159261048719,1868.45703125,1500.0,5172.265625,ISO267821.0,DigiDoc 1
189,4.57802774507,0.172569268908,1868.45703125,1500.0,5172.265625,ISO267821.0,DigiDoc 1
190,4.75198963866,0.186383192276,1868.45703125,1500.0,5172.265625,ISO267821.0,DigiDoc 1
191,4.90549759539,0.200643359705,1889.99023438,1500.0,5172.265625,ISO267821.0,DigiDoc 1
192,5.02648340437,0.215255230066,1889.99023438,1500.0,5172.265625,ISO267821.0,DigiDoc 1
193,5.14878953569,0.230222641507,1889.99023438,1500.0,5172.265625,ISO267821.0,DigiDoc 1
194,5.26859844872,0.245538334672,1889.99023438,1500.0,5150.73242188,ISO267821.0,DigiDoc 1
195,5.38727602782,0.261199020799,1911.5234375,1500.0,5086.1328125,ISO267821.0,DigiDoc 1
196,5.50614227377,0.277205248339,1911.5234375,1500.0,5086.1328125,ISO267821.0,DigiDoc 1
197,5.63402584028,0.293583230433,1911.5234375,1500.0,5086.1328125,ISO267821.0,DigiDoc 1
198,5.75125672108,0.310301999971,1933.05664062,1500.0,5086.1328125,ISO267821.0,DigiDoc 1
199,5.85435325684,0.327320468741,1933.05664062,1500.0,5107.66601562,ISO267821.0,DigiDoc 1
200,5.94884430385,0.344613620787,1954.58984375,1500.0,5193.79882812,ISO267821.0,DigiDoc 1
201,6.0223679712,0.362120504424,1954.58984375,1500.0,5193.79882812,ISO267821.0,DigiDoc 1
202,6.0616743365,0.379741650752,1954.58984375,1500.0,5193.79882812,ISO267821.0,DigiDoc 1
203,6.08680444273,0.397435849713,1976.12304688,1500.0,5193.79882812,ISO267821.0,DigiDoc 1
204,6.12394681562,0.415238020689,1976.12304688,1500.0,5193.79882812,ISO267821.0,DigiDoc 1
205,6.18862547642,0.433228211027,1976.12304688,1500.0,5193.79882812,ISO267821.0,DigiDoc 1
206,6.27056405894,0.451456594919,1997.65625,1500.0,5193.79882812,ISO267821.0,DigiDoc 1
207,6.3403077515,0.469887722104,1997.65625,1500.0,5215.33203125,ISO267821.0,DigiDoc 1
208,6.38509585375,0.48844904726,1997.65625,1500.0,5215.33203125,ISO267821.0,DigiDoc 1
209,6.41417693459,0.507094910442,1997.65625,1500.0,5215.33203125,ISO267821.0,DigiDoc 1
210,6.4473018117,0.525837066871,2019.18945312,1500.0,5215.33203125,ISO267821.0,DigiDoc 1
211,6.47985778478,0.544673862757,2019.18945312,1500.0,5215.33203125,ISO267821.0,DigiDoc 1
212,6.5209440461,0.56363009545,2019.18945312,1500.0,5236.86523438,ISO267821.0,DigiDoc 1
213,6.58352363951,0.582768245564,2019.18945312,1500.0,5236.86523438,ISO267821.0,DigiDoc 1
214,6.64739175113,0.602092058794,2019.18945312,1500.0,5258.3984375,ISO267821.0,DigiDoc 1
215,6.67058601399,0.621483297207,2019.18945312,1500.0,5258.3984375,ISO267821.0,DigiDoc 1
216,6.68086788747,0.640904424787,2040.72265625,1500.0,5258.3984375,ISO267821.0,DigiDoc 1
217,6.69648007675,0.660370936638,2040.72265625,1500.0,5258.3984375,ISO267821.0,DigiDoc 1
218,6.72056508321,0.679907463043,2040.72265625,1500.0,5258.3984375,ISO267821.0,DigiDoc 1
219,6.76389354199,0.699569944269,2040.72265625,1500.0,5258.3984375,ISO267821.0,DigiDoc 1
220,6.82023078268,0.719396196545,2040.72265625,1500.0,5258.3984375,ISO267821.0,DigiDoc 1
221,6.88503119057,0.739410822099,2040.72265625,1500.0,5258.3984375,ISO267821.0,DigiDoc 1
222,6.94318007351,0.759594485103,2040.72265625,1500.0,5236.86523438,ISO267821.0,DigiDoc 1
223,6.9856956825,0.779901739994,2040.72265625,1500.0,5236.86523438,ISO267821.0,DigiDoc 1
224,6.9884256059,0.800216930709,2062.25585938,1500.0,5236.86523438,ISO267821.0,DigiDoc 1
225,6.96597815146,0.820466867196,2062.25585938,1500.0,5236.86523438,ISO267821.0,DigiDoc 1
226,6.94706156823,0.840661813615,2062.25585938,1500.0,5236.86523438,ISO267821.0,DigiDoc 1
227,6.92586561669,0.860795143896,2062.25585938,1500.0,5236.86523438,ISO267821.0,DigiDoc 1
228,6.90656085613,0.880872355687,2062.25585938,1500.0,5236.86523438,ISO267821.0,DigiDoc 1
229,6.88579350337,0.900889197267,2062.25585938,1500.0,5236.86523438,ISO267821.0,DigiDoc 1
230,6.86642596741,0.92084973787,2062.25585938,1500.0,5301.46484375,ISO267821.0,DigiDoc 1
231,6.84591319823,0.94075064833,2062.25585938,1500.0,5322.99804688,ISO267821.0,DigiDoc 1
232,6.82653158471,0.96059521689,2062.25585938,1500.0,5322.99804688,ISO267821.0,DigiDoc 1
233,6.80623107883,0.980380772352,2062.25585938,1500.0,5322.99804688,ISO267821.0,DigiDoc 1
234,6.78689827659,1.00011012781,2062.25585938,1500.0,5322.99804688,ISO267821.0,DigiDoc 1
235,6.76676323067,1.01978095115,2062.25585938,1500.0,5322.99804688,ISO267821.0,DigiDoc 1
236,6.74751959837,1.03939583371,2062.25585938,1500.0,5322.99804688,ISO267821.0,DigiDoc 1
237,6.72750730752,1.05895254099,2062.25585938,1500.0,5322.99804688,ISO267821.0,DigiDoc 1
238,6.70833077361,1.07845350255,2062.25585938,1500.0,5322.99804688,ISO267821.0,DigiDoc 1
239,6.68850800995,1.09789683978,2062.25585938,1500.0,5322.99804688,ISO267821.0,DigiDoc 1
240,6.66942576885,1.11728470539,2062.25585938,1500.0,5322.99804688,ISO267821.0,DigiDoc 1
241,6.6497073024,1.13661524987,2062.25585938,1500.0,5236.86523438,ISO267821.0,DigiDoc 1
242,6.63070142508,1.15589054471,2062.25585938,1500.0,5215.33203125,ISO267821.0,DigiDoc 1
243,6.61113797847,1.17510896907,2062.25585938,1500.0,5215.33203125,ISO267821.0,DigiDoc 1
244,6.59222659441,1.19427241847,2062.25585938,1500.0,5215.33203125,ISO267821.0,DigiDoc 1
245,6.57281661498,1.21337944352,2062.25585938,1500.0,5215.33203125,ISO267821.0,DigiDoc 1
246,6.55394166105,1.23243159951,2062.25585938,1500.0,5236.86523438,ISO267821.0,DigiDoc 1
247,6.53469579269,1.25142780821,2062.25585938,1500.0,5236.86523438,ISO267821.0,DigiDoc 1
248,6.51593079303,1.27036946749,2062.25585938,1500.0,5236.86523438,ISO267821.0,DigiDoc 1
249,6.49677681931,1.28925544662,2062.25585938,1500.0,5236.86523438,ISO267821.0,DigiDoc 1
250,6.47811452145,1.30808717488,2062.25585938,1500.0,5236.86523438,ISO267821.0,DigiDoc 1
251,6.45908347434,1.32686358032,2062.25585938,1500.0,5236.86523438,ISO267821.0,DigiDoc 1
252,6.44054515582,1.34558609531,2062.25585938,1500.0,5236.86523438,ISO267821.0,DigiDoc 1
253,6.42160540978,1.3642535529,2062.25585938,1500.0,5236.86523438,ISO267821.0,DigiDoc 1
254,6.4031895754,1.38286747608,2062.25585938,1500.0,5236.86523438,ISO267821.0,DigiDoc 1
255,6.38432904233,1.40142657214,2040.72265625,1500.0,5215.33203125,ISO267821.0,DigiDoc 1
256,6.36602780095,1.41993246691,2040.72265625,1500.0,5215.33203125,ISO267821.0,DigiDoc 1
257,6.3473162052,1.4383839675,2040.72265625,1500.0,5215.33203125,ISO267821.0,DigiDoc 1
258,6.32910525346,1.45678252929,2040.72265625,1500.0,5215.33203125,ISO267821.0,DigiDoc 1
259,6.31048381636,1.47512695899,2040.72265625,1500.0,5215.33203125,ISO267821.0,DigiDoc 1
260,6.2923704163,1.49341873345,2040.72265625,1500.0,5215.33203125,ISO267821.0,DigiDoc 1
261,6.27386771743,1.511656721,2040.72265625,1500.0,5215.33203125,ISO267821.0,DigiDoc 1
262,6.2558797084,1.52984241783,2040.72265625,1500.0,5215.33203125,ISO267821.0,DigiDoc 1
263,6.23748011101,1.54797462745,2040.72265625,1500.0,5236.86523438,ISO267821.0,DigiDoc 1
264,6.21956148961,1.56605474806,2019.18945312,1500.0,5279.93164062,ISO267821.0,DigiDoc 1
265,6.2013086644,1.58408180813,2019.18945312,1500.0,5279.93164062,ISO267821.0,DigiDoc 1
266,6.18345826537,1.60205697751,2019.18945312,1500.0,5279.93164062,ISO267821.0,DigiDoc 1
267,6.16532452439,1.61997943252,2019.18945312,1500.0,5279.93164062,ISO267821.0,DigiDoc 1
268,6.14760286918,1.6378503711,2019.18945312,1500.0,5279.93164062,ISO267821.0,DigiDoc 1
269,6.12955829092,1.6556688545,1997.65625,1500.0,5279.93164062,ISO267821.0,DigiDoc 1
270,6.1119198551,1.67343606338,1997.65625,1500.0,5279.93164062,ISO267821.0,DigiDoc 1
271,6.09401907812,1.69115123512,1997.65625,1500.0,5279.93164062,ISO267821.0,DigiDoc 1
272,6.07645749131,1.70881535573,1997.65625,1500.0,5279.93164062,ISO267821.0,DigiDoc 1
273,6.05863007731,1.72642765247,1997.65625,1500.0,5279.93164062,ISO267821.0,DigiDoc 1
274,6.04121822366,1.74398933335,1997.65625,1500.0,5279.93164062,ISO267821.0,DigiDoc 1
275,6.02351023957,1.76149953754,1997.65625,1500.0,5279.93164062,ISO267821.0,DigiDoc 1
276,6.00615048551,1.77895927732,1976.12304688,1500.0,5215.33203125,ISO267821.0,DigiDoc 1
277,5.98856142711,1.79636788612,1976.12304688,1500.0,5215.33203125,ISO267821.0,DigiDoc 1
278,5.9712993395,1.81372631443,1976.12304688,1500.0,5215.33203125,ISO267821.0,DigiDoc 1
279,5.95382084442,1.83103393317,1976.12304688,1500.0,5215.33203125,ISO267821.0,DigiDoc 1
280,5.93666475251,1.84829167954,1976.12304688,1500.0,5215.33203125,ISO267821.0,DigiDoc 1
281,5.91926059654,1.86549883244,1954.58984375,1500.0,5215.33203125,ISO267821.0,DigiDoc 1
282,5.90223149118,1.88265648212,1954.58984375,1500.0,5215.33203125,ISO267821.0,DigiDoc 1
283,5.88494909871,1.89976389229,1954.58984375,1500.0,5215.33203125,ISO267821.0,DigiDoc 1
284,5.86796776531,1.91682193812,1954.58984375,1500.0,5215.33203125,ISO267821.0,DigiDoc 1
285,5.85079729795,1.9338300698,1954.58984375,1500.0,5215.33203125,ISO267821.0,DigiDoc 1
286,5.83391558151,1.95078912672,1933.05664062,1500.0,5215.33203125,ISO267821.0,DigiDoc 1
287,5.81685534871,1.96769858995,1933.05664062,1500.0,5215.33203125,ISO267821.0,DigiDoc 1
288,5.80007920263,1.9845592853,1933.05664062,1500.0,5215.33203125,ISO267821.0,DigiDoc 1
289,5.7831059707,2.00137063987,1933.05664062,1500.0,5215.33203125,ISO267821.0,DigiDoc 1
290,5.76642292262,2.0181334972,1933.05664062,1500.0,5215.33203125,ISO267821.0,DigiDoc 1
291,5.7495678591,2.03484735726,1933.05664062,1500.0,5215.33203125,ISO267821.0,DigiDoc 1
292,5.73297743647,2.05151298934,1933.05664062,1500.0,5129.19921875,ISO267821.0,DigiDoc 1
293,5.7161942773,2.06812983317,1933.05664062,1500.0,5129.19921875,ISO267821.0,DigiDoc 1
294,5.69969297511,2.0846987081,1933.05664062,1500.0,5150.73242188,ISO267821.0,DigiDoc 1
295,5.68304478886,2.10121918714,1911.5234375,1500.0,5150.73242188,ISO267821.0,DigiDoc 1
296,5.66665297873,2.11769201556,1911.5234375,1500.0,5064.59960938,ISO267821.0,DigiDoc 1
297,5.65004775699,2.134116573,1911.5234375,1500.0,5000.0,ISO267821.0,DigiDoc 1
298,5.63378713799,2.15049386119,1889.99023438,1500.0,5000.0,ISO267821.0,DigiDoc 1
299,5.61726695736,2.1668231256,1889.99023438,1500.0,5000.0,ISO267821.0,DigiDoc 1
300,5.60107427632,2.18310531826,1889.99023438,1500.0,5000.0,ISO267821.0,DigiDoc 1
301,5.5846875985,2.19933987523,1868.45703125,1500.0,5000.0,ISO267821.0,DigiDoc 1
302,5.5685992292,2.21552766369,1868.45703125,1500.0,5000.0,ISO267821.0,DigiDoc 1
303,5.55228617587,2.23166803048,1868.45703125,1500.0,5000.0,ISO267821.0,DigiDoc 1
304,5.53627665575,2.24776185797,1868.45703125,1500.0,5000.0,ISO267821.0,DigiDoc 1
305,5.52008823122,2.26380862608,1846.92382812,1500.0,5000.0,ISO267821.0,DigiDoc 1
306,5.50415692004,2.27980908225,1846.92382812,1500.0,5000.0,ISO267821.0,DigiDoc 1
307,5.4880648657,2.29576275918,1846.92382812,1500.0,5000.0,ISO267821.0,DigiDoc 1
308,5.47221294722,2.31167035496,1846.92382812,1500.0,5000.0,ISO267821.0,DigiDoc 1
309,5.45623504368,2.32753150334,1846.92382812,1500.0,5000.0,ISO267821.0,DigiDoc 1
310,5.44045668519,2.3433467844,1846.92382812,1500.0,5000.0,ISO267821.0,DigiDoc 1
311,5.42457575819,2.35911589998,1825.390625,1500.0,5000.0,ISO267821.0,DigiDoc 1
312,5.40891086331,2.37483947807,1825.390625,1500.0,5000.0,ISO267821.0,DigiDoc 1
313,5.39309874266,2.39051709069,1825.390625,1500.0,5000.0,ISO267821.0,DigiDoc 1
314,5.37752557924,2.40614943249,1825.390625,1500.0,5000.0,ISO267821.0,DigiDoc 1
315,5.36180352469,2.42173607065,1803.85742188,1500.0,5000.0,ISO267821.0,DigiDoc 1
316,5.34631224479,2.43727767601,1803.85742188,1500.0,5000.0,ISO267821.0,DigiDoc 1
317,5.33069697112,2.45277388814,1803.85742188,1500.0,5000.0,ISO267821.0,DigiDoc 1
318,5.31531154644,2.46822537519,1782.32421875,1500.0,5000.0,ISO267821.0,DigiDoc 1
319,5.29979883899,2.48363176716,1782.32421875,1500.0,5000.0,ISO267821.0,DigiDoc 1
320,5.2844457816,2.49899352816,1782.32421875,1500.0,5000.0,ISO267821.0,DigiDoc 1
321,5.26901588415,2.5143104348,1782.32421875,1500.0,5000.0,ISO267821.0,DigiDoc 1
322,5.2538335223,2.52958320666,1760.79101562,1500.0,5000.0,ISO267821.0,DigiDoc 1
323,5.2384472968,2.54481125113,1760.79101562,1500.0,5000.0,ISO267821.0,DigiDoc 1
324,5.22333723405,2.559995371,1760.79101562,1500.0,5000.0,ISO267821.0,DigiDoc 1
325,5.20807281458,2.57513511755,1760.79101562,1500.0,5000.0,ISO267821.0,DigiDoc 1
326,5.19300671522,2.5902310673,1760.79101562,1500.0,5000.0,ISO267821.0,DigiDoc 1
327,5.17786375894,2.60528299684,1760.79101562,1500.0,5000.0,ISO267821.0,DigiDoc 1
328,5.16287728961,2.62029136105,1739.2578125,1500.0,5000.0,ISO267821.0,DigiDoc 1
329,5.14783024277,2.63525598385,1739.2578125,1500.0,5000.0,ISO267821.0,DigiDoc 1
330,5.13295305637,2.65017735901,1739.2578125,1500.0,5000.0,ISO267821.0,DigiDoc 1
331,5.11793072473,2.66505506461,1739.2578125,1500.0,5000.0,ISO267821.0,DigiDoc 1
332,5.10314803709,2.67988979727,1739.2578125,1500.0,5000.0,ISO267821.0,DigiDoc 1
333,5.08826398565,2.69468126235,1717.72460938,1500.0,5000.0,ISO267821.0,DigiDoc 1
334,5.07355701523,2.7094299746,1717.72460938,1500.0,5000.0,ISO267821.0,DigiDoc 1
335,5.05872061021,2.72413555777,1717.72460938,1500.0,5000.0,ISO267821.0,DigiDoc 1
336,5.04412164937,2.7387987021,1717.72460938,1500.0,5000.0,ISO267821.0,DigiDoc 1
337,5.02939800251,2.75341904513,1717.72460938,1500.0,5000.0,ISO267821.0,DigiDoc 1
338,5.01484400696,2.76799708004,1696.19140625,1500.0,5000.0,ISO267821.0,DigiDoc 1
339,5.0001990544,2.7825325424,1696.19140625,1500.0,5000.0,ISO267821.0,DigiDoc 1
340,4.98577096429,2.79702606265,1696.19140625,1500.0,5000.0,ISO267821.0,DigiDoc 1
341,4.9711972019,2.8114772173,1674.65820312,1500.0,5000.0,ISO267821.0,DigiDoc 1
342,4.95681824176,2.82588657266,1653.125,1500.0,5000.0,ISO267821.0,DigiDoc 1
343,4.94236184455,2.8402539036,1653.125,1500.0,5000.0,ISO267821.0,DigiDoc 1
344,4.92808581527,2.85457973446,1653.125,1500.0,5000.0,ISO267821.0,DigiDoc 1
345,4.91367242465,2.86886366593,1653.125,1500.0,5000.0,ISO267821.0,DigiDoc 1
346,4.89948492177,2.88310635465,1631.59179688,1500.0,5000.0,ISO267821.0,DigiDoc 1
347,4.88519182521,2.89730749368,1631.59179688,1500.0,5000.0,ISO267821.0,DigiDoc 1
348,4.8710342167,2.91146747687,1631.59179688,1500.0,5000.0,ISO267821.0,DigiDoc 1
349,4.85684003529,2.9255861979,1631.59179688,1500.0,5000.0,ISO267821.0,DigiDoc 1
350,4.84279516664,2.93966409083,1610.05859375,1500.0,5000.0,ISO267821.0,DigiDoc 1
351,4.82867742557,2.95370094381,1610.05859375,1500.0,5000.0,ISO267821.0,DigiDoc 1
352,4.81466500637,2.96769706301,1610.05859375,1500.0,5000.0,ISO267821.0,DigiDoc 1
353,4.80065658958,2.98165246008,1610.05859375,1500.0,5000.0,ISO267821.0,DigiDoc 1
354,4.78677556732,2.99556750533,1588.52539062,1500.0,5000.0,ISO267821.0,DigiDoc 1
355,4.77279735033,3.00944191623,1588.52539062,1500.0,5000.0,ISO267821.0,DigiDoc 1
356,4.75896070738,3.02327610433,1588.52539062,1500.0,5000.0,ISO267821.0,DigiDoc 1
357,4.74512376604,3.03707006877,1588.52539062,1500.0,5000.0,ISO267821.0,DigiDoc 1
358,4.73139433612,3.05082412207,1566.9921875,1500.0,5000.0,ISO267821.0,DigiDoc 1
359,4.71756622386,3.06453797738,1566.9921875,1500.0,5000.0,ISO267821.0,DigiDoc 1
360,4.70392080079,3.07821216575,1566.9921875,1500.0,5000.0,ISO267821.0,DigiDoc 1
361,4.69019181577,3.09184644428,1566.9921875,1500.0,5000.0,ISO267821.0,DigiDoc 1
362,4.67666394259,3.10544139761,1566.9921875,1500.0,5000.0,ISO267821.0,DigiDoc 1
363,4.66298013426,3.11899657241,1545.45898438,1500.0,5000.0,ISO267821.0,DigiDoc 1
364,4.64950909933,3.13251258724,1545.45898438,1500.0,5000.0,ISO267821.0,DigiDoc 1
365,4.63594139582,3.14598916106,1545.45898438,1500.0,5000.0,ISO267821.0,DigiDoc 1
366,4.62255482315,3.15942682043,1545.45898438,1500.0,5000.0,ISO267821.0,DigiDoc 1
367,4.60901628399,3.17282512358,1545.45898438,1500.0,5000.0,ISO267821.0,DigiDoc 1
368,4.59573361936,3.18618481434,1523.92578125,1500.0,5000.0,ISO267821.0,DigiDoc 1
369,4.58229388354,3.19950543609,1523.92578125,1500.0,5000.0,ISO267821.0,DigiDoc 1
370,4.56904094403,3.21278753186,1523.92578125,1500.0,5000.0,ISO267821.0,DigiDoc 1
371,4.55572371209,3.22603091474,1523.92578125,1500.0,5000.0,ISO267821.0,DigiDoc 1
372,4.54255663613,3.23923602124,1502.39257812,1500.0,5000.0,ISO267821.0,DigiDoc 1
373,4.52928330785,3.25240254249,1502.39257812,1500.0,5000.0,ISO267821.0,DigiDoc 1
374,4.51618096602,3.26553097553,1502.39257812,1500.0,5000.0,ISO267821.0,DigiDoc 1
375,4.50300539909,3.2786211075,1480.859375,1500.0,5000.0,ISO267821.0,DigiDoc 1
376,4.48998333101,3.29167338463,1480.859375,1500.0,5000.0,ISO267821.0,DigiDoc 1
377,4.4769048522,3.30468764292,1480.859375,1500.0,5000.0,ISO267821.0,DigiDoc 1
378,4.46393051319,3.31766418511,1480.859375,1500.0,5000.0,ISO267821.0,DigiDoc 1
379,4.45090664435,3.33060286721,1480.859375,1500.0,5000.0,ISO267821.0,DigiDoc 1
380,4.43803438906,3.34350412997,1480.859375,1500.0,5000.0,ISO267821.0,DigiDoc 1
381,4.42508925134,3.35636776152,1459.32617188,1500.0,5000.0,ISO267821.0,DigiDoc 1
382,4.41231283756,3.36919425232,1459.32617188,1500.0,5000.0,ISO267821.0,DigiDoc 1
383,4.39940553421,3.3819832219,1459.32617188,1500.0,5000.0,ISO267821.0,DigiDoc 1
384,4.3866965641,3.3947352468,1459.32617188,1500.0,5000.0,ISO267821.0,DigiDoc 1
385,4.3738918905,3.4074500488,1459.32617188,1500.0,5000.0,ISO267821.0,DigiDoc 1
386,4.36123980105,3.42012807148,1437.79296875,1500.0,5000.0,ISO267821.0,DigiDoc 1
387,4.34851630444,3.43276910725,1437.79296875,1500.0,5000.0,ISO267821.0,DigiDoc 1
388,4.33592426584,3.44537353826,1437.79296875,1500.0,5000.0,ISO267821.0,DigiDoc 1
389,4.32328658286,3.45794123181,1437.79296875,1500.0,5000.0,ISO267821.0,DigiDoc 1
390,4.31078578539,3.47047258584,1437.79296875,1500.0,5000.0,ISO267821.0,DigiDoc 1
391,4.29820815394,3.48296737698,1416.25976562,1500.0,5000.0,ISO267821.0,DigiDoc 1
392,4.28578666167,3.49542605914,1416.25976562,1500.0,5000.0,ISO267821.0,DigiDoc 1
393,4.27327000648,3.50784835567,1416.25976562,1500.0,5000.0,ISO267821.0,DigiDoc 1
394,4.26089257498,3.52023467129,1394.7265625,1500.0,5000.0,ISO267821.0,DigiDoc 1
395,4.2484796006,3.53258490269,1394.7265625,1500.0,5000.0,ISO267821.0,DigiDoc 1
396,4.23621083415,3.54489946907,1394.7265625,1500.0,5000.0,ISO267821.0,DigiDoc 1
397,4.22380210202,3.55717796355,1394.7265625,1500.0,5000.0,ISO267821.0,DigiDoc 1
398,4.21161095358,3.56942101865,1373.19335938,1500.0,5000.0,ISO267821.0,DigiDoc 1
399,4.19932418911,3.58162835641,1373.19335938,1500.0,5000.0,ISO267821.0,DigiDoc 1
400,4.18718608463,3.59380040898,1351.66015625,1500.0,5000.0,ISO267821.0,DigiDoc 1
401,4.17495074416,3.6059368937,1351.66015625,1500.0,5000.0,ISO267821.0,DigiDoc 1
402,4.16289241466,3.61803832514,1351.66015625,1500.0,5000.0,ISO267821.0,DigiDoc 1
403,4.15072028716,3.63010437249,1351.66015625,1500.0,5000.0,ISO267821.0,DigiDoc 1
404,4.13874097385,3.64213559625,1330.12695312,1500.0,5000.0,ISO267821.0,DigiDoc 1
405,4.1266665821,3.65413172003,1330.12695312,1500.0,5000.0,ISO267821.0,DigiDoc 1
406,4.11472610703,3.66609313313,1330.12695312,1500.0,5000.0,ISO267821.0,DigiDoc 1
407,4.10270923313,3.67801961346,1330.12695312,1500.0,5000.0,ISO267821.0,DigiDoc 1
408,4.09084127447,3.68991159391,1330.12695312,1500.0,5000.0,ISO267821.0,DigiDoc 1
409,4.07891615165,3.70176890831,1330.12695312,1500.0,5000.0,ISO267821.0,DigiDoc 1
410,4.06709741007,3.71359186589,1330.12695312,1500.0,5000.0,ISO267821.0,DigiDoc 1
411,4.05527065807,3.72538044339,1308.59375,1500.0,5000.0,ISO267821.0,DigiDoc 1
412,4.0435174233,3.7371348545,1308.59375,1500.0,5000.0,ISO267821.0,DigiDoc 1
413,4.03171251586,3.74885494903,1308.59375,1500.0,5000.0,ISO267821.0,DigiDoc 1
414,4.02006458236,3.76054118328,1287.06054688,1500.0,5000.0,ISO267821.0,DigiDoc 1
415,4.00833305862,3.77219331426,1287.06054688,1500.0,5000.0,ISO267821.0,DigiDoc 1
416,3.99671694343,3.78381167747,1287.06054688,1500.0,5000.0,ISO267821.0,DigiDoc 1
417,3.98510418394,3.79539628265,1287.06054688,1500.0,5000.0,ISO267821.0,DigiDoc 1
418,3.97353575937,3.8069472587,1265.52734375,1500.0,5000.0,ISO267821.0,DigiDoc 1
419,3.96195687894,3.81846457521,1265.52734375,1500.0,5000.0,ISO267821.0,DigiDoc 1
420,3.95049069125,3.82994855978,1265.52734375,1500.0,5000.0,ISO267821.0,DigiDoc 1
421,3.93897446131,3.84139906693,1265.52734375,1500.0,5000.0,ISO267821.0,DigiDoc 1
422,3.92757691634,3.85281644169,1265.52734375,1500.0,5000.0,ISO267821.0,DigiDoc 1
423,3.91609945184,3.86420045172,1265.52734375,1500.0,5000.0,ISO267821.0,DigiDoc 1
424,3.90479514666,3.8755516004,1243.99414062,1500.0,5000.0,ISO267821.0,DigiDoc 1
425,3.89340701941,3.88686964406,1243.99414062,1500.0,5000.0,ISO267821.0,DigiDoc 1
426,3.88213789715,3.89815492865,1243.99414062,1500.0,5000.0,ISO267821.0,DigiDoc 1
427,3.87079293723,3.9094072337,1243.99414062,1500.0,5000.0,ISO267821.0,DigiDoc 1
428,3.85961060988,3.92062703198,1243.99414062,1500.0,5000.0,ISO267821.0,DigiDoc 1
429,3.84835585716,3.93181411296,1243.99414062,1500.0,5000.0,ISO267821.0,DigiDoc 1
430,3.83722438118,3.942968835,1222.4609375,1500.0,5000.0,ISO267821.0,DigiDoc 1
431,3.82601414316,3.95409096914,1222.4609375,1500.0,5000.0,ISO267821.0,DigiDoc 1
432,3.81496740034,3.96518099065,1222.4609375,1500.0,5000.0,ISO267821.0,DigiDoc 1
433,3.80382938656,3.97623863422,1222.4609375,1500.0,5000.0,ISO267821.0,DigiDoc 1
434,3.79282093204,3.98726427646,1222.4609375,1500.0,5000.0,ISO267821.0,DigiDoc 1
435,3.7817490831,3.9982577331,1222.4609375,1500.0,5000.0,ISO267821.0,DigiDoc 1
436,3.77083138489,4.00921945224,1200.92773438,1500.0,5000.0,ISO267821.0,DigiDoc 1
437,3.75979945958,4.02014910183,1200.92773438,1500.0,5000.0,ISO267821.0,DigiDoc 1
438,3.74895141305,4.03104721641,1200.92773438,1500.0,5000.0,ISO267821.0,DigiDoc 1
439,3.73799819922,4.04191349024,1200.92773438,1500.0,5000.0,ISO267821.0,DigiDoc 1
440,3.72720017115,4.05274837446,1200.92773438,1500.0,5000.0,ISO267821.0,DigiDoc 1
441,3.71630483574,4.06355158619,1200.92773438,1500.0,5000.0,ISO267821.0,DigiDoc 1
442,3.70558170916,4.07432362604,1200.92773438,1500.0,5000.0,ISO267821.0,DigiDoc 1
443,3.69475701735,4.08506419877,1200.92773438,1500.0,5000.0,ISO267821.0,DigiDoc 1
444,3.68407264016,4.09577371226,1179.39453125,1500.0,5000.0,ISO267821.0,DigiDoc 1
445,3.67333085385,4.10645199962,1179.39453125,1500.0,5000.0,ISO267821.0,DigiDoc 1
446,3.66268014342,4.11709932562,1179.39453125,1500.0,5000.0,ISO267821.0,DigiDoc 1
447,3.65201948347,4.12771566133,1179.39453125,1500.0,5000.0,ISO267821.0,DigiDoc 1
448,3.6414346029,4.13830122703,1179.39453125,1500.0,5000.0,ISO267821.0,DigiDoc 1
449,3.63083711229,4.14885598608,1157.86132812,1500.0,5000.0,ISO267821.0,DigiDoc 1
450,3.6202925697,4.15938009239,1157.86132812,1500.0,5000.0,ISO267821.0,DigiDoc 1
451,3.60976834155,4.16987360501,1157.86132812,1500.0,5000.0,ISO267821.0,DigiDoc 1
452,3.5993102491,4.1803367162,1157.86132812,1500.0,5000.0,ISO267821.0,DigiDoc 1
453,3.58882163604,4.19076933723,1136.328125,1500.0,5000.0,ISO267821.0,DigiDoc 1
454,3.57842781933,4.20117174369,1136.328125,1500.0,5000.0,ISO267821.0,DigiDoc 1
455,3.56798805942,4.211543802,1136.328125,1500.0,5000.0,ISO267821.0,DigiDoc 1
456,3.55768648879,4.22188591388,1136.328125,1500.0,5000.0,ISO267821.0,DigiDoc 1
457,3.54728942403,4.23219780174,1136.328125,1500.0,5000.0,ISO267821.0,DigiDoc 1
458,3.53701415474,4.24247981964,1136.328125,1500.0,5000.0,ISO267821.0,DigiDoc 1
459,3.52673230253,4.25273194842,1114.79492188,1500.0,5000.0,ISO267821.0,DigiDoc 1
460,3.51651039756,4.26295436237,1114.79492188,1500.0,5000.0,ISO267821.0,DigiDoc 1
461,3.5062273002,4.27314688359,1114.79492188,1500.0,5000.0,ISO267821.0,DigiDoc 1
462,3.49613250077,4.28331005947,1114.79492188,1500.0,5000.0,ISO267821.0,DigiDoc 1
463,3.48590267614,4.29344349748,1114.79492188,1500.0,5000.0,ISO267821.0,DigiDoc 1
464,3.47582432933,4.30354763797,1093.26171875,1500.0,5000.0,ISO267821.0,DigiDoc 1
465,3.46568505664,4.31362230383,1093.26171875,1500.0,5000.0,ISO267821.0,DigiDoc 1
466,3.45568024091,4.32366788593,1093.26171875,1500.0,5000.0,ISO267821.0,DigiDoc 1
467,3.44555951439,4.33368404731,1093.26171875,1500.0,5000.0,ISO267821.0,DigiDoc 1
468,3.43560861679,4.34367128166,1071.72851562,1500.0,5000.0,ISO267821.0,DigiDoc 1
469,3.42558769297,4.35362938542,1071.72851562,1500.0,5000.0,ISO267821.0,DigiDoc 1
470,3.41569164658,4.3635587216,1071.72851562,1500.0,5000.0,ISO267821.0,DigiDoc 1
471,3.40571166385,4.3734590462,1071.72851562,1500.0,5000.0,ISO267821.0,DigiDoc 1
472,3.39584132228,4.38333067795,1071.72851562,1500.0,5000.0,ISO267821.0,DigiDoc 1
473,3.38595553675,4.39317357196,1071.72851562,1500.0,5000.0,ISO267821.0,DigiDoc 1
474,3.37617155903,4.40298802416,1071.72851562,1500.0,5000.0,ISO267821.0,DigiDoc 1
475,3.36630770302,4.41277380237,1071.72851562,1500.0,5000.0,ISO267821.0,DigiDoc 1
476,3.35658570553,4.42253131895,1071.72851562,1500.0,5000.0,ISO267821.0,DigiDoc 1
477,3.3467707334,4.43226030364,1071.72851562,1500.0,5000.0,ISO267821.0,DigiDoc 1
478,3.33710223429,4.44196118223,1071.72851562,1500.0,5000.0,ISO267821.0,DigiDoc 1
479,3.32734531516,4.45163369768,1050.1953125,1500.0,5000.0,ISO267821.0,DigiDoc 1
480,3.31775760439,4.46127834188,1050.1953125,1500.0,5000.0,ISO267821.0,DigiDoc 1
481,3.30805885789,4.47089479205,1050.1953125,1500.0,5000.0,ISO267821.0,DigiDoc 1
482,3.29848340616,4.4804834066,1050.1953125,1500.0,5000.0,ISO267821.0,DigiDoc 1
483,3.2888888945,4.49004413013,1050.1953125,1500.0,5000.0,ISO267821.0,DigiDoc 1
484,3.27933685735,4.49957708611,1028.66210938,1500.0,5000.0,ISO267821.0,DigiDoc 1
485,3.26978675443,4.50908228017,1028.66210938,1500.0,5000.0,ISO267821.0,DigiDoc 1
486,3.26032022466,4.51855995524,1028.66210938,1500.0,5000.0,ISO267821.0,DigiDoc 1
487,3.25082907054,4.52801003975,1028.66210938,1500.0,5000.0,ISO267821.0,DigiDoc 1
488,3.24141329419,4.53743275281,1028.66210938,1500.0,5000.0,ISO267821.0,DigiDoc 1
489,3.23193481877,4.54682791217,1028.66210938,1500.0,5000.0,ISO267821.0,DigiDoc 1
490,3.22264007383,4.55619605192,1028.66210938,1500.0,5000.0,ISO267821.0,DigiDoc 1
491,3.21318004332,4.56553669158,1028.66210938,1500.0,5000.0,ISO267821.0,DigiDoc 1
492,3.2039115294,4.57485038789,1028.66210938,1500.0,5000.0,ISO267821.0,DigiDoc 1
493,3.19457344652,4.5841369386,1028.66210938,1500.0,5000.0,ISO267821.0,DigiDoc 1
494,3.18531677974,4.5933965804,1007.12890625,1500.0,5000.0,ISO267821.0,DigiDoc 1
495,3.17604550764,4.60262927083,1007.12890625,1500.0,5000.0,ISO267821.0,DigiDoc 1
496,3.16682838019,4.61183516729,1007.12890625,1500.0,5000.0,ISO267821.0,DigiDoc 1
497,3.15759863058,4.62101423307,1007.12890625,1500.0,5000.0,ISO267821.0,DigiDoc 1
498,3.14846242949,4.63016674014,985.595703125,1500.0,5000.0,ISO267821.0,DigiDoc 1
499,3.13929343214,4.63929259314,985.595703125,1500.0,5000.0,ISO267821.0,DigiDoc 1
500,3.13018427746,4.64839196604,985.595703125,1500.0,5000.0,ISO267821.0,DigiDoc 1
501,3.12108769568,4.65746489538,985.595703125,1500.0,5000.0,ISO267821.0,DigiDoc 1
502,3.11203767872,4.66651151654,985.595703125,1500.0,5000.0,ISO267821.0,DigiDoc 1
503,3.10296054055,4.67553175067,964.0625,1500.0,5000.0,ISO267821.0,DigiDoc 1
504,3.09400766052,4.68452595899,964.0625,1500.0,5000.0,ISO267821.0,DigiDoc 1
505,3.08495113473,4.69349384019,964.0625,1500.0,5000.0,ISO267821.0,DigiDoc 1
506,3.07602460679,4.70243577219,964.0625,1500.0,5000.0,ISO267821.0,DigiDoc 1
507,3.06704911655,4.71135161264,964.0625,1500.0,5000.0,ISO267821.0,DigiDoc 1
508,3.05819165225,4.72024170466,964.0625,1500.0,5000.0,ISO267821.0,DigiDoc 1
509,3.04926778207,4.72910585519,964.0625,1500.0,5000.0,ISO267821.0,DigiDoc 1
510,3.04046527005,4.73794441702,964.0625,1500.0,5000.0,ISO267821.0,DigiDoc 1
511,3.03157842833,4.74675714501,942.529296875,1500.0,5000.0,ISO267821.0,DigiDoc 1
512,3.02280421741,4.75554436657,942.529296875,1500.0,5000.0,ISO267821.0,DigiDoc 1
513,3.01397342683,4.76430591723,942.529296875,1500.0,5000.0,ISO267821.0,DigiDoc 1
514,3.00527188195,4.7730421727,920.99609375,1500.0,5000.0,ISO267821.0,DigiDoc 1
515,2.99651753525,4.78175297949,920.99609375,1500.0,5000.0,ISO267821.0,DigiDoc 1
516,2.98783246147,4.79043853897,920.99609375,1500.0,5000.0,ISO267821.0,DigiDoc 1
517,2.97911121279,4.79909874598,920.99609375,1500.0,5000.0,ISO267821.0,DigiDoc 1
518,2.97052600258,4.80773399599,920.99609375,1500.0,5000.0,ISO267821.0,DigiDoc 1
519,2.96179772339,4.81634387309,920.99609375,1500.0,5000.0,ISO267821.0,DigiDoc 1
520,2.95328873122,4.82492901475,920.99609375,1500.0,5000.0,ISO267821.0,DigiDoc 1
521,2.94464192894,4.83348902036,899.462890625,1500.0,5000.0,ISO267821.0,DigiDoc 1
522,2.93614377405,4.84202432203,899.462890625,1500.0,5000.0,ISO267821.0,DigiDoc 1
523,2.92755837169,4.85053466613,899.462890625,1500.0,5000.0,ISO267821.0,DigiDoc 1
524,2.91910250387,4.85902042923,899.462890625,1500.0,5000.0,ISO267821.0,DigiDoc 1
525,2.91058409082,4.86748142949,899.462890625,1500.0,5000.0,ISO267821.0,DigiDoc 1
526,2.90215364327,4.87591792264,899.462890625,1500.0,5000.0,ISO267821.0,DigiDoc 1
527,2.89370009895,4.88432984153,899.462890625,1500.0,5000.0,ISO267821.0,DigiDoc 1
528,2.88531434367,4.89271738323,899.462890625,1500.0,5000.0,ISO267821.0,DigiDoc 1
529,2.87691970526,4.90108052191,877.9296875,1500.0,5000.0,ISO267821.0,DigiDoc 1
530,2.86858409391,4.90941942916,877.9296875,1500.0,5000.0,ISO267821.0,DigiDoc 1
531,2.86022789589,4.91773404513,877.9296875,1500.0,5000.0,ISO267821.0,DigiDoc 1
532,2.85192007108,4.92602451046,877.9296875,1500.0,5000.0,ISO267821.0,DigiDoc 1
533,2.84362126939,4.93429085135,877.9296875,1500.0,5000.0,ISO267821.0,DigiDoc 1
534,2.83539096518,4.94253326695,877.9296875,1500.0,5000.0,ISO267821.0,DigiDoc 1
535,2.82714707899,4.95075171776,877.9296875,1500.0,5000.0,ISO267821.0,DigiDoc 1
536,2.81893727059,4.95894630285,877.9296875,1500.0,5000.0,ISO267821.0,DigiDoc 1
537,2.81071732299,4.96711699274,856.396484375,1500.0,5000.0,ISO267821.0,DigiDoc 1
538,2.80259848442,4.97526408136,834.86328125,1500.0,5000.0,ISO267821.0,DigiDoc 1
539,2.79442967831,4.98338742345,834.86328125,1500.0,5000.0,ISO267821.0,DigiDoc 1
540,2.7863220585,4.99148719688,834.86328125,1500.0,5000.0,ISO267821.0,DigiDoc 1
541,2.77818215979,4.9995633078,834.86328125,1500.0,5000.0,ISO267821.0,DigiDoc 1
542,2.77019216498,5.00761619201,834.86328125,1500.0,5000.0,ISO267821.0,DigiDoc 1
543,2.76207232291,5.01564547201,834.86328125,1500.0,5000.0,ISO267821.0,DigiDoc 1
544,2.75409166787,5.02365155244,834.86328125,1500.0,5000.0,ISO267821.0,DigiDoc 1
545,2.74605686778,5.0316342759,834.86328125,1500.0,5000.0,ISO267821.0,DigiDoc 1
546,2.73812106181,5.03959393015,834.86328125,1500.0,5000.0,ISO267821.0,DigiDoc 1
547,2.73012458651,5.04753033883,834.86328125,1500.0,5000.0,ISO267821.0,DigiDoc 1
548,2.72225195284,5.05544386195,813.330078125,1500.0,5000.0,ISO267821.0,DigiDoc 1
549,2.71428064175,5.06333421265,813.330078125,1500.0,5000.0,ISO267821.0,DigiDoc 1
550,2.70644547888,5.07120178672,813.330078125,1500.0,5000.0,ISO267821.0,DigiDoc 1
551,2.69853202389,5.07904635655,813.330078125,1500.0,5000.0,ISO267821.0,DigiDoc 1
552,2.69073572281,5.08686826272,813.330078125,1500.0,5000.0,ISO267821.0,DigiDoc 1
553,2.68287142209,5.09466730756,813.330078125,1500.0,5000.0,ISO267821.0,DigiDoc 1
554,2.67513408363,5.10244386012,813.330078125,1500.0,5000.0,ISO267821.0,DigiDoc 1
555,2.66731671688,5.11019768779,813.330078125,1500.0,5000.0,ISO267821.0,DigiDoc 1
556,2.65961365305,5.11792912283,813.330078125,1500.0,5000.0,ISO267821.0,DigiDoc 1
557,2.65182859884,5.12563792689,813.330078125,1500.0,5000.0,ISO267821.0,DigiDoc 1
558,2.64418824551,5.13332452063,791.796875,1500.0,5000.0,ISO267821.0,DigiDoc 1
559,2.63644854396,5.14098861524,791.796875,1500.0,5000.0,ISO267821.0,DigiDoc 1
560,2.62886789427,5.14863067307,791.796875,1500.0,5000.0,ISO267821.0,DigiDoc 1
561,2.62113518912,5.15625025211,791.796875,1500.0,5000.0,ISO267821.0,DigiDoc 1
562,2.61357902393,5.16384786555,791.796875,1500.0,5000.0,ISO267821.0,DigiDoc 1
563,2.60595726161,5.1714233227,791.796875,1500.0,5000.0,ISO267821.0,DigiDoc 1
564,2.59843871919,5.17897692363,791.796875,1500.0,5000.0,ISO267821.0,DigiDoc 1
565,2.5908182277,5.18650837197,791.796875,1500.0,5000.0,ISO267821.0,DigiDoc 1
566,2.58336387881,5.19401815068,791.796875,1500.0,5000.0,ISO267821.0,DigiDoc 1
567,2.57578715051,5.20150590403,791.796875,1500.0,5000.0,ISO267821.0,DigiDoc 1
568,2.5683562028,5.20897205578,791.796875,1500.0,5000.0,ISO267821.0,DigiDoc 1
569,2.56085573492,5.21641640385,770.263671875,1500.0,5000.0,ISO267821.0,DigiDoc 1
570,2.55347896863,5.22383930783,770.263671875,1500.0,5000.0,ISO267821.0,DigiDoc 1
571,2.54600724278,5.23124049167,770.263671875,1500.0,5000.0,ISO267821.0,DigiDoc 1
572,2.53863443502,5.23862024294,770.263671875,1500.0,5000.0,ISO267821.0,DigiDoc 1
573,2.53123333083,5.24597847936,770.263671875,1500.0,5000.0,ISO267821.0,DigiDoc 1
574,2.52392839173,5.2533154805,770.263671875,1500.0,5000.0,ISO267821.0,DigiDoc 1
575,2.5165277104,5.26063096803,770.263671875,1500.0,5000.0,ISO267821.0,DigiDoc 1
576,2.50926152254,5.26792533292,770.263671875,1500.0,5000.0,ISO267821.0,DigiDoc 1
577,2.50194537325,5.27519842994,770.263671875,1500.0,5000.0,ISO267821.0,DigiDoc 1
578,2.49473161109,5.28245055672,770.263671875,1500.0,5000.0,ISO267821.0,DigiDoc 1
579,2.48742234398,5.28968143562,770.263671875,1500.0,5000.0,ISO267821.0,DigiDoc 1
580,2.48025682349,5.29689148453,748.73046875,1500.0,5000.0,ISO267821.0,DigiDoc 1
581,2.47297401674,5.30408036248,748.73046875,1500.0,5000.0,ISO267821.0,DigiDoc 1
582,2.4658516016,5.31124853574,748.73046875,1500.0,5000.0,ISO267821.0,DigiDoc 1
583,2.4586667594,5.31839582283,748.73046875,1500.0,5000.0,ISO267821.0,DigiDoc 1
584,2.45152776236,5.32552235703,748.73046875,1500.0,5000.0,ISO267821.0,DigiDoc 1
585,2.44440028216,5.3326281718,748.73046875,1500.0,5000.0,ISO267821.0,DigiDoc 1
586,2.43731593149,5.33971339253,748.73046875,1500.0,5000.0,ISO267821.0,DigiDoc 1
587,2.43020611599,5.3467779452,748.73046875,1500.0,5000.0,ISO267821.0,DigiDoc 1
588,2.42319268813,5.35382210999,770.263671875,1500.0,5000.0,ISO267821.0,DigiDoc 1
589,2.41611067664,5.36084568753,748.73046875,1500.0,5000.0,ISO267821.0,DigiDoc 1
590,2.40910711974,5.36784890591,748.73046875,1500.0,5000.0,ISO267821.0,DigiDoc 1
591,2.40207375124,5.37483167844,727.197265625,1500.0,5000.0,ISO267821.0,DigiDoc 1
592,2.3951788132,5.38179440755,727.197265625,1500.0,5000.0,ISO267821.0,DigiDoc 1
593,2.38814624384,5.38873669314,705.6640625,1500.0,5000.0,ISO267821.0,DigiDoc 1
594,2.38125572313,5.39565894815,705.6640625,1500.0,5000.0,ISO267821.0,DigiDoc 1
595,2.3742962478,5.40256097212,705.6640625,1500.0,5000.0,ISO267821.0,DigiDoc 1
596,2.36743626126,5.40944305428,705.6640625,1500.0,5000.0,ISO267821.0,DigiDoc 1
597,2.36051314112,5.41630501109,705.6640625,1500.0,5000.0,ISO267821.0,DigiDoc 1
598,2.35369442308,5.42314714604,705.6640625,1500.0,5000.0,ISO267821.0,DigiDoc 1
599,2.34683526542,5.42996934158,705.6640625,1500.0,5000.0,ISO267821.0,DigiDoc 1
600,2.34003378224,5.43677176536,684.130859375,1500.0,5000.0,ISO267821.0,DigiDoc 1
601,2.33322553916,5.44355439774,684.130859375,1500.0,5000.0,ISO267821.0,DigiDoc 1
602,2.32644316363,5.45031731392,684.130859375,1500.0,5000.0,ISO267821.0,DigiDoc 1
603,2.31969673178,5.45706061837,684.130859375,1500.0,5000.0,ISO267821.0,DigiDoc 1
604,2.31296014102,5.46378433971,684.130859375,1500.0,5000.0,ISO267821.0,DigiDoc 1
605,2.30620272258,5.47048841739,684.130859375,1500.0,5000.0,ISO267821.0,DigiDoc 1
606,2.29957360433,5.47717322438,684.130859375,1500.0,5000.0,ISO267821.0,DigiDoc 1
607,2.29283919659,5.4838384546,684.130859375,1500.0,5000.0,ISO267821.0,DigiDoc 1
608,2.28619662756,5.49048437503,684.130859375,1500.0,5000.0,ISO267821.0,DigiDoc 1
609,2.27954358543,5.49711095522,705.6640625,1500.0,5000.0,ISO267821.0,DigiDoc 1
610,2.27294998993,5.50371836798,705.6640625,1500.0,5000.0,ISO267821.0,DigiDoc 1
611,2.26632083598,5.51030650995,705.6640625,1500.0,5000.0,ISO267821.0,DigiDoc 1
612,2.2597374172,5.51687551407,705.6640625,1500.0,5000.0,ISO267821.0,DigiDoc 1
613,2.25316011611,5.52342539813,705.6640625,1500.0,5000.0,ISO267821.0,DigiDoc 1
614,2.24667033608,5.52995641654,705.6640625,1500.0,5000.0,ISO267821.0,DigiDoc 1
615,2.24007148883,5.53646825227,705.6640625,1500.0,5000.0,ISO267821.0,DigiDoc 1
616,2.23361433871,5.54296131721,684.130859375,1500.0,5000.0,ISO267821.0,DigiDoc 1
617,2.22709674894,5.54943543566,684.130859375,1500.0,5000.0,ISO267821.0,DigiDoc 1
618,2.22066912048,5.55589086915,684.130859375,1500.0,5000.0,ISO267821.0,DigiDoc 1
619,2.21417139214,5.5623274139,684.130859375,1500.0,5000.0,ISO267821.0,DigiDoc 1
620,2.20776073296,5.568745323,684.130859375,1500.0,5000.0,ISO267821.0,DigiDoc 1
621,2.20133325951,5.5751445476,684.130859375,1500.0,5000.0,ISO267821.0,DigiDoc 1
622,2.19495606702,5.58152523384,684.130859375,1500.0,5000.0,ISO267821.0,DigiDoc 1
623,2.18856691415,5.58788734696,684.130859375,1500.0,5000.0,ISO267821.0,DigiDoc 1
624,2.18222134256,5.59423101365,684.130859375,1500.0,5000.0,ISO267821.0,DigiDoc 1
625,2.17587213946,5.60055622336,662.59765625,1500.0,5000.0,ISO267821.0,DigiDoc 1
626,2.16955454037,5.60686306796,662.59765625,1500.0,5000.0,ISO267821.0,DigiDoc 1
627,2.16322211832,5.61315150435,662.59765625,1500.0,5000.0,ISO267821.0,DigiDoc 1
628,2.15699852254,5.61942184889,641.064453125,1500.0,5000.0,ISO267821.0,DigiDoc 1
629,2.15067848179,5.62567382122,641.064453125,1500.0,5000.0,ISO267821.0,DigiDoc 1
630,2.14445130322,5.63190769129,641.064453125,1500.0,5000.0,ISO267821.0,DigiDoc 1
631,2.1382033384,5.63812339867,641.064453125,1500.0,5000.0,ISO267821.0,DigiDoc 1
632,2.13203423983,5.64432117262,641.064453125,1500.0,5000.0,ISO267821.0,DigiDoc 1
633,2.12580096814,5.6505008266,641.064453125,1500.0,5000.0,ISO267821.0,DigiDoc 1
634,2.11965090559,5.65666260248,641.064453125,1500.0,5000.0,ISO267821.0,DigiDoc 1
635,2.11348045557,5.66280644102,641.064453125,1500.0,5000.0,ISO267821.0,DigiDoc 1
636,2.10737389625,5.66893252793,641.064453125,1500.0,5000.0,ISO267821.0,DigiDoc 1
637,2.10117733971,5.67504060159,641.064453125,1500.0,5000.0,ISO267821.0,DigiDoc 1
638,2.09515562355,5.68113117026,641.064453125,1500.0,5000.0,ISO267821.0,DigiDoc 1
639,2.08900123648,5.68720384827,641.064453125,1500.0,5000.0,ISO267821.0,DigiDoc 1
640,2.08297516148,5.69325900863,619.53125,1500.0,5000.0,ISO267821.0,DigiDoc 1
641,2.07689495052,5.69929649395,619.53125,1500.0,5000.0,ISO267821.0,DigiDoc 1
642,2.0709027895,5.7053165602,619.53125,1500.0,5000.0,ISO267821.0,DigiDoc 1
643,2.06484188455,5.71131900753,619.53125,1500.0,5000.0,ISO267821.0,DigiDoc 1
644,2.05886601393,5.71730408316,619.53125,1500.0,5000.0,ISO267821.0,DigiDoc 1
645,2.05287174561,5.72327173358,619.53125,1500.0,5000.0,ISO267821.0,DigiDoc 1
646,2.04693683933,5.72922213137,619.53125,1500.0,5000.0,ISO267821.0,DigiDoc 1
647,2.04096300445,5.73515516336,619.53125,1500.0,5000.0,ISO267821.0,DigiDoc 1
648,2.03504028963,5.74107097815,619.53125,1500.0,5000.0,ISO267821.0,DigiDoc 1
649,2.02913121225,5.7469696154,619.53125,1500.0,5000.0,ISO267821.0,DigiDoc 1
650,2.02325058385,5.75285115779,619.53125,1500.0,5000.0,ISO267821.0,DigiDoc 1
651,2.01734419853,5.75871553046,597.998046875,1500.0,5000.0,ISO267821.0,DigiDoc 1
652,2.01151017335,5.76456294376,597.998046875,1500.0,5000.0,ISO267821.0,DigiDoc 1
653,2.0056325273,5.77039327087,597.998046875,1500.0,5000.0,ISO267821.0,DigiDoc 1
654,1.99983728892,5.77620675136,597.998046875,1500.0,5000.0,ISO267821.0,DigiDoc 1
655,1.99399638696,5.78200325249,597.998046875,1500.0,5000.0,ISO267821.0,DigiDoc 1
656,1.98827132306,5.78778311099,597.998046875,1500.0,5000.0,ISO267821.0,DigiDoc 1
657,1.98241650526,5.79354594966,597.998046875,1500.0,5000.0,ISO267821.0,DigiDoc 1
658,1.97670876881,5.79929219609,597.998046875,1500.0,5000.0,ISO267821.0,DigiDoc 1
659,1.97092165947,5.80502161951,597.998046875,1500.0,5000.0,ISO267821.0,DigiDoc 1
660,1.96524529366,5.81073454188,597.998046875,1500.0,5000.0,ISO267821.0,DigiDoc 1
661,1.95949645059,5.81643075249,597.998046875,1500.0,5000.0,ISO267821.0,DigiDoc 1
662,1.95381858673,5.82211045769,597.998046875,1500.0,5000.0,ISO267821.0,DigiDoc 1
663,1.94814052098,5.82777365687,597.998046875,1500.0,5000.0,ISO267821.0,DigiDoc 1
664,1.94250074673,5.83342046137,597.998046875,1500.0,5000.0,ISO267821.0,DigiDoc 1
665,1.93683667573,5.83905080054,576.46484375,1500.0,5000.0,ISO267821.0,DigiDoc 1
666,1.93122070741,5.84466481423,576.46484375,1500.0,5000.0,ISO267821.0,DigiDoc 1
667,1.92560364522,5.85026249924,576.46484375,1500.0,5000.0,ISO267821.0,DigiDoc 1
668,1.92000643807,5.85584391331,576.46484375,1500.0,5000.0,ISO267821.0,DigiDoc 1
669,1.91441920374,5.86140908541,554.931640625,1500.0,5000.0,ISO267821.0,DigiDoc 1
670,1.90888329627,5.86695816476,554.931640625,1500.0,5000.0,ISO267821.0,DigiDoc 1
671,1.90331225216,5.87249104922,554.931640625,1500.0,5000.0,ISO267821.0,DigiDoc 1
672,1.89782919149,5.87800799454,554.931640625,1500.0,5000.0,ISO267821.0,DigiDoc 1
673,1.892272146,5.88350878566,554.931640625,1500.0,5000.0,ISO267821.0,DigiDoc 1
674,1.88678963196,5.88899363924,554.931640625,1500.0,5000.0,ISO267821.0,DigiDoc 1
675,1.88129269377,5.89446251335,554.931640625,1500.0,5000.0,ISO267821.0,DigiDoc 1
676,1.87584573773,5.89991555329,554.931640625,1500.0,5000.0,ISO267821.0,DigiDoc 1
677,1.87037749382,5.90535269717,554.931640625,1500.0,5000.0,ISO267821.0,DigiDoc 1
678,1.86497856102,5.91077414647,554.931640625,1500.0,5000.0,ISO267821.0,DigiDoc 1
679,1.85950206946,5.91617967574,554.931640625,1500.0,5000.0,ISO267821.0,DigiDoc 1
680,1.85416981093,5.92156970426,554.931640625,1500.0,5000.0,ISO267821.0,DigiDoc 1
681,1.84873284778,5.92694392766,554.931640625,1500.0,5000.0,ISO267821.0,DigiDoc 1
682,1.84340181885,5.93230265387,554.931640625,1500.0,5000.0,ISO267821.0,DigiDoc 1
683,1.83801728748,5.93764572738,533.3984375,1500.0,5000.0,ISO267821.0,DigiDoc 1
684,1.83267327863,5.94297326599,533.3984375,1500.0,5000.0,ISO267821.0,DigiDoc 1
685,1.82737162447,5.9482853928,533.3984375,1500.0,5000.0,ISO267821.0,DigiDoc 1
686,1.82204643476,5.95358203941,533.3984375,1500.0,5000.0,ISO267821.0,DigiDoc 1
687,1.8167564241,5.95886330809,533.3984375,1500.0,5000.0,ISO267821.0,DigiDoc 1
688,1.81150936956,5.9641293237,533.3984375,1500.0,5000.0,ISO267821.0,DigiDoc 1
689,1.80618636312,5.96937986545,533.3984375,1500.0,5000.0,ISO267821.0,DigiDoc 1
690,1.80099603407,5.97461531904,533.3984375,1500.0,5000.0,ISO267821.0,DigiDoc 1
691,1.79572370115,5.97983544608,533.3984375,1500.0,5000.0,ISO267821.0,DigiDoc 1
692,1.7905465419,5.98504052323,533.3984375,1500.0,5000.0,ISO267821.0,DigiDoc 1
693,1.78528742693,5.99023031226,533.3984375,1500.0,5000.0,ISO267821.0,DigiDoc 1
694,1.78015708911,5.99540518752,533.3984375,1500.0,5000.0,ISO267821.0,DigiDoc 1
695,1.77494498016,6.0005649113,511.865234375,1500.0,5000.0,ISO267821.0,DigiDoc 1
696,1.7698385551,6.00570979082,511.865234375,1500.0,5000.0,ISO267821.0,DigiDoc 1
697,1.76464649765,6.01083957715,511.865234375,1500.0,5000.0,ISO267821.0,DigiDoc 1
698,1.7595504768,6.01595454947,511.865234375,1500.0,5000.0,ISO267821.0,DigiDoc 1
699,1.75439352536,6.02105453065,511.865234375,1500.0,5000.0,ISO267821.0,DigiDoc 1
700,1.74936585186,6.0261398965,511.865234375,1500.0,5000.0,ISO267821.0,DigiDoc 1
701,1.74422207036,6.03121030949,511.865234375,1500.0,5000.0,ISO267821.0,DigiDoc 1
702,1.73921393344,6.03626616395,511.865234375,1500.0,5000.0,ISO267821.0,DigiDoc 1
703,1.73410788636,6.04130717525,511.865234375,1500.0,5000.0,ISO267821.0,DigiDoc 1
704,1.7291003361,6.04633362971,511.865234375,1500.0,5000.0,ISO267821.0,DigiDoc 1
705,1.72404962827,6.05134540189,511.865234375,1500.0,5000.0,ISO267821.0,DigiDoc 1
706,1.71908337379,6.05634273728,511.865234375,1500.0,5000.0,ISO267821.0,DigiDoc 1
707,1.71404622939,6.0613254298,511.865234375,1500.0,5000.0,ISO267821.0,DigiDoc 1
708,1.70912014393,6.06629380232,511.865234375,1500.0,5000.0,ISO267821.0,DigiDoc 1
709,1.70408066148,6.07124752517,511.865234375,1500.0,5000.0,ISO267821.0,DigiDoc 1
710,1.69921851347,6.07618711387,511.865234375,1500.0,5000.0,ISO267821.0,DigiDoc 1
711,1.69417462716,6.08111204011,490.33203125,1500.0,5000.0,ISO267821.0,DigiDoc 1
712,1.68935268279,6.08602294907,490.33203125,1500.0,5000.0,ISO267821.0,DigiDoc 1
713,1.68437579647,6.09091939034,490.33203125,1500.0,5000.0,ISO267821.0,DigiDoc 1
714,1.67954635038,6.09580179252,490.33203125,1500.0,5000.0,ISO267821.0,DigiDoc 1
715,1.67461960776,6.10066987278,490.33203125,1500.0,5000.0,ISO267821.0,DigiDoc 1
716,1.66979262164,6.1055239211,490.33203125,1500.0,5000.0,ISO267821.0,DigiDoc 1
717,1.66486809401,6.11036365393,490.33203125,1500.0,5000.0,ISO267821.0,DigiDoc 1
718,1.66011154575,6.11518955959,490.33203125,1500.0,5000.0,ISO267821.0,DigiDoc 1
719,1.6552476631,6.12000132605,490.33203125,1500.0,5000.0,ISO267821.0,DigiDoc 1
720,1.65047101598,6.12479920691,490.33203125,1500.0,5000.0,ISO267821.0,DigiDoc 1
721,1.64562223497,6.12958299248,490.33203125,1500.0,5000.0,ISO267821.0,DigiDoc 1
722,1.64089188477,6.13435302702,490.33203125,1500.0,5000.0,ISO267821.0,DigiDoc 1
723,1.63610981408,6.1391091602,490.33203125,1500.0,5000.0,ISO267821.0,DigiDoc 1
724,1.63135836472,6.14385148103,490.33203125,1500.0,5000.0,ISO267821.0,DigiDoc 1
725,1.62660178867,6.1485799746,490.33203125,1500.0,5000.0,ISO267821.0,DigiDoc 1
726,1.62191060579,6.15329483102,468.798828125,1500.0,5000.0,ISO267821.0,DigiDoc 1
727,1.61714698195,6.15799583968,468.798828125,1500.0,5000.0,ISO267821.0,DigiDoc 1
728,1.61252677785,6.16268341753,468.798828125,1500.0,5000.0,ISO267821.0,DigiDoc 1
729,1.60774590028,6.16735709747,468.798828125,1500.0,5000.0,ISO267821.0,DigiDoc 1
730,1.60315661713,6.17201743647,468.798828125,1500.0,5000.0,ISO267821.0,DigiDoc 1
731,1.59842988568,6.17666403498,468.798828125,1500.0,5000.0,ISO267821.0,DigiDoc 1
732,1.5938715564,6.18129738253,468.798828125,1500.0,5000.0,ISO267821.0,DigiDoc 1
733,1.58916886545,6.18591705946,468.798828125,1500.0,5000.0,ISO267821.0,DigiDoc 1
734,1.58459774968,6.19052344827,468.798828125,1500.0,5000.0,ISO267821.0,DigiDoc 1
735,1.57995003084,6.19511632626,468.798828125,1500.0,5000.0,ISO267821.0,DigiDoc 1
736,1.57539699361,6.19969596869,468.798828125,1500.0,5000.0,ISO267821.0,DigiDoc 1
737,1.57080380408,6.20426225882,468.798828125,1500.0,5000.0,ISO267821.0,DigiDoc 1
738,1.56624422288,6.20881529435,468.798828125,1500.0,5000.0,ISO267821.0,DigiDoc 1
739,1.56167288906,6.21335504112,468.798828125,1500.0,5000.0,ISO267821.0,DigiDoc 1
740,1.55718291871,6.21788173565,468.798828125,1500.0,5000.0,ISO267821.0,DigiDoc 1
741,1.55261465982,6.22239515036,468.798828125,1500.0,5000.0,ISO267821.0,DigiDoc 1
742,1.5481582566,6.22689561041,447.265625,1500.0,5000.0,ISO267821.0,DigiDoc 1
743,1.5435826115,6.23138276916,447.265625,1500.0,5000.0,ISO267821.0,DigiDoc 1
744,1.53916149813,6.23585707584,447.265625,1500.0,5000.0,ISO267821.0,DigiDoc 1
745,1.53464800445,6.2403182619,447.265625,1500.0,5000.0,ISO267821.0,DigiDoc 1
746,1.5302273345,6.24476659718,447.265625,1500.0,5000.0,ISO267821.0,DigiDoc 1
747,1.5257470792,6.24920190845,447.265625,1500.0,5000.0,ISO267821.0,DigiDoc 1
748,1.52136253003,6.25362447395,447.265625,1500.0,5000.0,ISO267821.0,DigiDoc 1
749,1.51689795107,6.25803406101,447.265625,1500.0,5000.0,ISO267821.0,DigiDoc 1
750,1.51252954379,6.26243094922,447.265625,1500.0,5000.0,ISO267821.0,DigiDoc 1
751,1.50808573974,6.2668149194,447.265625,1500.0,5000.0,ISO267821.0,DigiDoc 1
752,1.50375833848,6.27118630991,447.265625,1500.0,5000.0,ISO267821.0,DigiDoc 1
753,1.49934762655,6.2755448786,447.265625,1500.0,5000.0,ISO267821.0,DigiDoc 1
754,1.49503050668,6.27989089751,447.265625,1500.0,5000.0,ISO267821.0,DigiDoc 1
755,1.4906434006,6.28422416321,447.265625,1500.0,5000.0,ISO267821.0,DigiDoc 1
756,1.48633862179,6.28854491502,447.265625,1500.0,5000.0,ISO267821.0,DigiDoc 1
757,1.48202108561,6.29285311585,447.265625,1500.0,5000.0,ISO267821.0,DigiDoc 1
758,1.47773066289,6.29714884452,447.265625,1500.0,5000.0,ISO267821.0,DigiDoc 1
759,1.47340032,6.30143198498,447.265625,1500.0,5000.0,ISO267821.0,DigiDoc 1
760,1.46914411205,6.30570275275,425.732421875,1500.0,5000.0,ISO267821.0,DigiDoc 1
761,1.46484353961,6.30996101886,425.732421875,1500.0,5000.0,ISO267821.0,DigiDoc 1
762,1.46064950035,6.31420709298,425.732421875,1500.0,5000.0,ISO267821.0,DigiDoc 1
763,1.45635612369,6.31844068637,425.732421875,1500.0,5000.0,ISO267821.0,DigiDoc 1
764,1.45214893702,6.32266204956,404.19921875,1500.0,5000.0,ISO267821.0,DigiDoc 1
765,1.44790679446,6.32687108094,404.19921875,1500.0,5000.0,ISO267821.0,DigiDoc 1
766,1.44374199737,6.33106800535,404.19921875,1500.0,5000.0,ISO267821.0,DigiDoc 1
767,1.43947745389,6.33525253283,404.19921875,1500.0,5000.0,ISO267821.0,DigiDoc 1
768,1.43538660269,6.3394251683,404.19921875,1500.0,5000.0,ISO267821.0,DigiDoc 1
769,1.4311584037,6.3435855125,404.19921875,1500.0,5000.0,ISO267821.0,DigiDoc 1
770,1.42702619793,6.34773384447,404.19921875,1500.0,5000.0,ISO267821.0,DigiDoc 1
771,1.42284243096,6.35187001433,425.732421875,1500.0,5000.0,ISO267821.0,DigiDoc 1
772,1.41873403589,6.35599424118,425.732421875,1500.0,5000.0,ISO267821.0,DigiDoc 1
773,1.41461610688,6.3601064973,425.732421875,1500.0,5000.0,ISO267821.0,DigiDoc 1
774,1.41051311897,6.36420682613,425.732421875,1500.0,5000.0,ISO267821.0,DigiDoc 1
775,1.40638114994,6.36829514343,425.732421875,1500.0,5000.0,ISO267821.0,DigiDoc 1
776,1.40235838539,6.37237176664,425.732421875,1500.0,5000.0,ISO267821.0,DigiDoc 1
777,1.3982114396,6.37643633478,404.19921875,1500.0,5000.0,ISO267821.0,DigiDoc 1
778,1.39419993347,6.38048924157,404.19921875,1500.0,5000.0,ISO267821.0,DigiDoc 1
779,1.39012385389,6.38453029928,404.19921875,1500.0,5000.0,ISO267821.0,DigiDoc 1
780,1.3861243209,6.38855973045,404.19921875,1500.0,5000.0,ISO267821.0,DigiDoc 1
781,1.38203906156,6.39257728586,404.19921875,1500.0,5000.0,ISO267821.0,DigiDoc 1
782,1.37806830308,6.39658329837,404.19921875,1500.0,5000.0,ISO267821.0,DigiDoc 1
783,1.37402212182,6.40057754872,382.666015625,1500.0,5000.0,ISO267821.0,DigiDoc 1
784,1.3700838885,6.40456035072,382.666015625,1500.0,5000.0,ISO267821.0,DigiDoc 1
785,1.36604557051,6.40853141343,382.666015625,1500.0,5000.0,ISO267821.0,DigiDoc 1
786,1.36214915787,6.41249114935,382.666015625,1500.0,5000.0,ISO267821.0,DigiDoc 1
787,1.35813846198,6.41643922628,382.666015625,1500.0,5000.0,ISO267821.0,DigiDoc 1
788,1.35419507578,6.42037583987,404.19921875,1500.0,5000.0,ISO267821.0,DigiDoc 1
789,1.35027495558,6.42430105776,404.19921875,1500.0,5000.0,ISO267821.0,DigiDoc 1
790,1.3463679824,6.42821491818,404.19921875,1500.0,5000.0,ISO267821.0,DigiDoc 1
791,1.34240702885,6.43211726419,404.19921875,1500.0,5000.0,ISO267821.0,DigiDoc 1
792,1.33855930171,6.43600842495,404.19921875,1500.0,5000.0,ISO267821.0,DigiDoc 1
793,1.33465483651,6.43988823552,404.19921875,1500.0,5000.0,ISO267821.0,DigiDoc 1
794,1.33077620191,6.44375677099,404.19921875,1500.0,5000.0,ISO267821.0,DigiDoc 1
795,1.32688163558,6.44761398505,425.732421875,1500.0,5000.0,ISO267821.0,DigiDoc 1
796,1.32308383887,6.451460159,404.19921875,1500.0,5000.0,ISO267821.0,DigiDoc 1
797,1.31918879286,6.45529501014,404.19921875,1500.0,5000.0,ISO267821.0,DigiDoc 1
798,1.31539408317,6.45911883015,404.19921875,1500.0,5000.0,ISO267821.0,DigiDoc 1
799,1.31154871398,6.46293147176,404.19921875,1500.0,5000.0,ISO267821.0,DigiDoc 1
800,1.30774477456,6.46673305541,404.19921875,1500.0,5000.0,ISO267821.0,DigiDoc 1
801,1.30393103669,6.47052355261,382.666015625,1500.0,5000.0,ISO267821.0,DigiDoc 1
802,1.30019056119,6.47430317633,382.666015625,1500.0,5000.0,ISO267821.0,DigiDoc 1
803,1.29634559859,6.47807162284,382.666015625,1500.0,5000.0,ISO267821.0,DigiDoc 1
804,1.29265492797,6.48182934065,382.666015625,1500.0,5000.0,ISO267821.0,DigiDoc 1
805,1.2888211948,6.48557591389,382.666015625,1500.0,5000.0,ISO267821.0,DigiDoc 1
806,1.28515410148,6.48931182698,361.1328125,1500.0,5000.0,ISO267821.0,DigiDoc 1
807,1.28135747467,6.49303670336,361.1328125,1500.0,5000.0,ISO267821.0,DigiDoc 1
808,1.27767212929,6.49675086653,361.1328125,1500.0,5000.0,ISO267821.0,DigiDoc 1
809,1.27392189384,6.50045412785,361.1328125,1500.0,5000.0,ISO267821.0,DigiDoc 1
810,1.27026188037,6.50414674959,361.1328125,1500.0,5000.0,ISO267821.0,DigiDoc 1
811,1.2665565016,6.50782859989,361.1328125,1500.0,5000.0,ISO267821.0,DigiDoc 1
812,1.26287464183,6.5114997471,361.1328125,1500.0,5000.0,ISO267821.0,DigiDoc 1
813,1.25921488905,6.5151602555,361.1328125,1500.0,5000.0,ISO267821.0,DigiDoc 1
814,1.25554694091,6.51881010126,361.1328125,1500.0,5000.0,ISO267821.0,DigiDoc 1
815,1.25190866322,6.52244937063,361.1328125,1500.0,5000.0,ISO267821.0,DigiDoc 1
816,1.24828008892,6.52607809182,361.1328125,1500.0,5000.0,ISO267821.0,DigiDoc 1
817,1.24461768486,6.52969616648,361.1328125,1500.0,5000.0,ISO267821.0,DigiDoc 1
818,1.24104746676,6.53330386261,361.1328125,1500.0,5000.0,ISO267821.0,DigiDoc 1
819,1.23738301506,6.53690090625,361.1328125,1500.0,5000.0,ISO267821.0,DigiDoc 1
820,1.23385012274,6.54048767987,361.1328125,1500.0,5000.0,ISO267821.0,DigiDoc 1
821,1.23022237343,6.5440639077,361.1328125,1500.0,5000.0,ISO267821.0,DigiDoc 1
822,1.22669300351,6.54762987573,361.1328125,1500.0,5000.0,ISO267821.0,DigiDoc 1
823,1.22307419571,6.55118532397,361.1328125,1500.0,5000.0,ISO267821.0,DigiDoc 1
824,1.21957386857,6.55473059685,361.1328125,1500.0,5000.0,ISO267821.0,DigiDoc 1
825,1.21599550688,6.55826546751,361.1328125,1500.0,5000.0,ISO267821.0,DigiDoc 1
826,1.21248833072,6.56179014289,361.1328125,1500.0,5000.0,ISO267821.0,DigiDoc 1
827,1.20893944063,6.56530450173,361.1328125,1500.0,5000.0,ISO267821.0,DigiDoc 1
828,1.20544268793,6.56880869559,339.599609375,1500.0,5000.0,ISO267821.0,DigiDoc 1
829,1.2019186301,6.57230264509,275.0,1500.0,5000.0,ISO267821.0,DigiDoc 1
830,1.1984893984,6.5757866259,275.0,1500.0,5000.0,ISO267821.0,DigiDoc 1
831,1.19491900482,6.57926022766,275.0,1500.0,5000.0,ISO267821.0,DigiDoc 1
832,1.19151897704,6.58272394562,275.0,1500.0,5000.0,ISO267821.0,DigiDoc 1
833,1.18801232322,6.58617746981,275.0,1500.0,5000.0,ISO267821.0,DigiDoc 1
834,1.18459700013,6.58962106574,275.0,1500.0,5000.0,ISO267821.0,DigiDoc 1
835,1.1811262958,6.59305457242,275.0,1500.0,5000.0,ISO267821.0,DigiDoc 1
836,1.17773852824,6.59647823093,275.0,1500.0,5000.0,ISO267821.0,DigiDoc 1
837,1.1742518568,6.59989175377,275.0,1500.0,5000.0,ISO267821.0,DigiDoc 1
838,1.17091861658,6.60329558696,275.0,1500.0,5000.0,ISO267821.0,DigiDoc 1
839,1.16743180044,6.60668928405,275.0,1500.0,5000.0,ISO267821.0,DigiDoc 1
840,1.16410636651,6.61007331419,275.0,1500.0,5000.0,ISO267821.0,DigiDoc 1
841,1.1606621116,6.61344733195,275.0,1500.0,5000.0,ISO267821.0,DigiDoc 1
842,1.15736825815,6.61681177456,275.0,1500.0,5000.0,ISO267821.0,DigiDoc 1
843,1.15395276521,6.62016628841,275.0,1500.0,5000.0,ISO267821.0,DigiDoc 1
844,1.15061112857,6.62351108821,275.0,1500.0,5000.0,ISO267821.0,DigiDoc 1
845,1.14727315539,6.62684618459,275.0,1500.0,5000.0,ISO267821.0,DigiDoc 1
846,1.14396483622,6.63017166376,275.0,1500.0,5000.0,ISO267821.0,DigiDoc 1
847,1.14058875843,6.63348732876,275.0,1500.0,5000.0,ISO267821.0,DigiDoc 1
848,1.13731997525,6.63679349148,275.0,1500.0,5000.0,ISO267821.0,DigiDoc 1
849,1.13397875209,6.64008994134,275.0,1500.0,5000.0,ISO267821.0,DigiDoc 1
850,1.13072559882,6.64337693436,275.0,1500.0,5000.0,ISO267821.0,DigiDoc 1
851,1.12737817448,6.64665419649,275.0,1500.0,5000.0,ISO267821.0,DigiDoc 1
852,1.12418103622,6.64992216462,275.0,1500.0,5000.0,ISO267821.0,DigiDoc 1
853,1.12084935109,6.65318044762,275.0,1500.0,5000.0,ISO267821.0,DigiDoc 1
854,1.11765698767,6.65642945049,275.0,1500.0,5000.0,ISO267821.0,DigiDoc 1
855,1.11434176595,6.65966881609,275.0,1500.0,5000.0,ISO267821.0,DigiDoc 1
856,1.111172923,6.66289896994,275.0,1500.0,5000.0,ISO267821.0,DigiDoc 1
857,1.10786462601,6.66611950664,275.0,1500.0,5000.0,ISO267821.0,DigiDoc 1
858,1.10473816317,6.66933095479,275.0,1500.0,5000.0,ISO267821.0,DigiDoc 1
859,1.10143648785,6.67253280504,275.0,1500.0,5000.0,ISO267821.0,DigiDoc 1
860,1.09831182609,6.67572557198,275.0,1500.0,5000.0,ISO267821.0,DigiDoc 1
861,1.09506281289,6.67890889411,275.0,1500.0,5000.0,ISO267821.0,DigiDoc 1
862,1.09192740608,6.68208310169,275.0,1500.0,5000.0,ISO267821.0,DigiDoc 1
863,1.08874079167,6.68524804585,275.0,1500.0,5000.0,ISO267821.0,DigiDoc 1
864,1.08558130812,6.68840380546,275.0,1500.0,5000.0,ISO267821.0,DigiDoc 1
865,1.08238981391,6.69155028748,275.0,1500.0,5000.0,ISO267821.0,DigiDoc 1
866,1.07931790371,6.69468783953,275.0,1500.0,5000.0,ISO267821.0,DigiDoc 1
867,1.07611576033,6.69781608302,275.0,1500.0,5000.0,ISO267821.0,DigiDoc 1
868,1.0730267697,6.70093534688,275.0,1500.0,5000.0,ISO267821.0,DigiDoc 1
869,1.06987947861,6.70404546165,275.0,1500.0,5000.0,ISO267821.0,DigiDoc 1
870,1.06680803613,6.7071466478,275.0,1500.0,5000.0,ISO267821.0,DigiDoc 1
871,1.063684141,6.71023875286,275.0,1500.0,5000.0,ISO267821.0,DigiDoc 1
872,1.06062129152,6.71332195429,275.0,1500.0,5000.0,ISO267821.0,DigiDoc 1
873,1.05750364731,6.7163960928,275.0,1500.0,5000.0,ISO267821.0,DigiDoc 1
874,1.05446683102,6.71946140335,275.0,1500.0,5000.0,ISO267821.0,DigiDoc 1
875,1.05136004402,6.72251768255,275.0,1500.0,5000.0,ISO267821.0,DigiDoc 1
876,1.04834593123,6.72556519979,275.0,1500.0,5000.0,ISO267821.0,DigiDoc 1
877,1.04527503476,6.72860379001,275.0,1500.0,5000.0,ISO267821.0,DigiDoc 1
878,1.04225332724,6.73163359619,275.0,1500.0,5000.0,ISO267821.0,DigiDoc 1
879,1.03918724676,6.73465448935,275.0,1500.0,5000.0,ISO267821.0,DigiDoc 1
880,1.03623889666,6.73766681173,275.0,1500.0,5000.0,ISO267821.0,DigiDoc 1
881,1.03316807634,6.7406702073,275.0,1500.0,5000.0,ISO267821.0,DigiDoc 1
882,1.03022050108,6.74366503433,275.0,1500.0,5000.0,ISO267821.0,DigiDoc 1
883,1.02716942692,6.74665099197,275.0,1500.0,5000.0,ISO267821.0,DigiDoc 1
884,1.0242361408,6.74962842261,275.0,1500.0,5000.0,ISO267821.0,DigiDoc 1
885,1.02122351646,6.75259709563,275.0,1500.0,5000.0,ISO267821.0,DigiDoc 1
886,1.01829471552,6.75555725468,275.0,1500.0,5000.0,ISO267821.0,DigiDoc 1
887,1.01527353619,6.75850863124,275.0,1500.0,5000.0,ISO267821.0,DigiDoc 1
888,1.01238156199,6.7614516009,275.0,1500.0,5000.0,ISO267821.0,DigiDoc 1
889,1.00939507973,6.76438588892,275.0,1500.0,5000.0,ISO267821.0,DigiDoc 1
890,1.00651683052,6.76731180994,275.0,1500.0,5000.0,ISO267821.0,DigiDoc 1
891,1.0035506774,6.77022910842,275.0,1500.0,5000.0,ISO267821.0,DigiDoc 1
892,1.00066901988,6.77313802999,275.0,1500.0,5000.0,ISO267821.0,DigiDoc 1
893,0.997704508397,6.77603833379,275.0,1500.0,5000.0,ISO267821.0,DigiDoc 1
894,0.994899311592,6.77893048295,275.0,1500.0,5000.0,ISO267821.0,DigiDoc 1
895,0.991922736286,6.78181397928,275.0,1500.0,5000.0,ISO267821.0,DigiDoc 1
896,0.989086130978,6.78468922966,275.0,1500.0,5000.0,ISO267821.0,DigiDoc 1
897,0.986197540291,6.78755608298,275.0,1500.0,5000.0,ISO267821.0,DigiDoc 1
898,0.983341247992,6.79041463312,275.0,1500.0,5000.0,ISO267821.0,DigiDoc 1
899,0.980445495342,6.79326476537,275.0,1500.0,5000.0,ISO267821.0,DigiDoc 1
900,0.977677830117,6.79610685209,275.0,1500.0,5000.0,ISO267821.0,DigiDoc 1
901,0.974752191558,6.79894043404,275.0,1500.0,5000.0,ISO267821.0,DigiDoc 1
902,0.971988119894,6.8017659809,275.0,1500.0,5000.0,ISO267821.0,DigiDoc 1
903,0.969098218661,6.80458312688,275.0,1500.0,5000.0,ISO267821.0,DigiDoc 1
904,0.966346227418,6.80739227289,275.0,1500.0,5000.0,ISO267821.0,DigiDoc 1
905,0.963472745574,6.81019306576,275.0,1500.0,5000.0,ISO267821.0,DigiDoc 1
906,0.960750829453,6.81298594608,275.0,1500.0,5000.0,ISO267821.0,DigiDoc 1
907,0.957901119391,6.81577054235,275.0,1500.0,5000.0,ISO267821.0,DigiDoc 1
908,0.955161133499,6.81854717356,275.0,1500.0,5000.0,ISO267821.0,DigiDoc 1
909,0.952340272915,6.82131560458,275.0,1500.0,5000.0,ISO267821.0,DigiDoc 1
910,0.949633228996,6.82407616629,275.0,1500.0,5000.0,ISO267821.0,DigiDoc 1
911,0.946806196807,6.82682850989,275.0,1500.0,5000.0,ISO267821.0,DigiDoc 1
912,0.944102870295,6.82957299498,275.0,1500.0,5000.0,ISO267821.0,DigiDoc 1
913,0.941313683926,6.83230937196,275.0,1500.0,5000.0,ISO267821.0,DigiDoc 1
914,0.938647050394,6.83503799711,275.0,1500.0,5000.0,ISO267821.0,DigiDoc 1
915,0.935850275291,6.8377584921,275.0,1500.0,5000.0,ISO267821.0,DigiDoc 1
916,0.933208582339,6.84047130774,275.0,1500.0,5000.0,ISO267821.0,DigiDoc 1
917,0.930420650287,6.84317601894,275.0,1500.0,5000.0,ISO267821.0,DigiDoc 1
918,0.927764535766,6.84587300887,275.0,1500.0,5000.0,ISO267821.0,DigiDoc 1
919,0.925030340563,6.84856205055,275.0,1500.0,5000.0,ISO267821.0,DigiDoc 1
920,0.922413049267,6.85124348384,275.0,1500.0,5000.0,ISO267821.0,DigiDoc 1
921,0.919661144894,6.8539169174,275.0,1500.0,5000.0,ISO267821.0,DigiDoc 1
922,0.91705521697,6.85658277559,275.0,1500.0,5000.0,ISO267821.0,DigiDoc 1
923,0.914315752357,6.85924067022,275.0,1500.0,5000.0,ISO267821.0,DigiDoc 1
924,0.91173538609,6.86189106378,275.0,1500.0,5000.0,ISO267821.0,DigiDoc 1
925,0.909002559753,6.86453351308,275.0,1500.0,5000.0,ISO267821.0,DigiDoc 1
926,0.906427549083,6.86716847689,275.0,1500.0,5000.0,ISO267821.0,DigiDoc 1
927,0.903741985506,6.86979563382,275.0,1500.0,5000.0,ISO267821.0,DigiDoc 1
928,0.901190387295,6.87241537332,275.0,1500.0,5000.0,ISO267821.0,DigiDoc 1
929,0.898497820179,6.87502728559,275.0,1500.0,5000.0,ISO267821.0,DigiDoc 1
930,0.895956405471,6.87763181002,275.0,1500.0,5000.0,ISO267821.0,DigiDoc 1
931,0.893288771852,6.88022857971,275.0,1500.0,5000.0,ISO267821.0,DigiDoc 1
932,0.890735263739,6.8828179264,275.0,1500.0,5000.0,ISO267821.0,DigiDoc 1
933,0.888121803243,6.88539967583,275.0,1500.0,5000.0,ISO267821.0,DigiDoc 1
934,0.885587519011,6.88797405815,275.0,1500.0,5000.0,ISO267821.0,DigiDoc 1
935,0.882947140369,6.89054076496,275.0,1500.0,5000.0,ISO267821.0,DigiDoc 1
936,0.880441253532,6.89310018721,275.0,1500.0,5000.0,ISO267821.0,DigiDoc 1
937,0.877849914132,6.89565207649,275.0,1500.0,5000.0,ISO267821.0,DigiDoc 1
938,0.875325305649,6.8981966268,275.0,1500.0,5000.0,ISO267821.0,DigiDoc 1
939,0.872730456032,6.90073363394,275.0,1500.0,5000.0,ISO267821.0,DigiDoc 1
940,0.870260861468,6.90326346202,275.0,1500.0,5000.0,ISO267821.0,DigiDoc 1
941,0.867680929755,6.90578579031,275.0,1500.0,5000.0,ISO267821.0,DigiDoc 1
942,0.865220112163,6.90830096505,275.0,1500.0,5000.0,ISO267821.0,DigiDoc 1
943,0.862623559963,6.91080859168,275.0,1500.0,5000.0,ISO267821.0,DigiDoc 1
944,0.860205683039,6.9133091896,275.0,1500.0,5000.0,ISO267821.0,DigiDoc 1
945,0.857636924983,6.91580232019,275.0,1500.0,5000.0,ISO267821.0,DigiDoc 1
946,0.855194008145,6.91828834929,275.0,1500.0,5000.0,ISO267821.0,DigiDoc 1
947,0.852674340516,6.92076705376,275.0,1500.0,5000.0,ISO267821.0,DigiDoc 1
948,0.850233091985,6.92323866159,275.0,1500.0,5000.0,ISO267821.0,DigiDoc 1
949,0.847712204313,6.92570294125,275.0,1500.0,5000.0,ISO267821.0,DigiDoc 1
950,0.845297588933,6.92816020169,275.0,1500.0,5000.0,ISO267821.0,DigiDoc 1
951,0.842804573242,6.93061021498,275.0,1500.0,5000.0,ISO267821.0,DigiDoc 1
952,0.840404964375,6.93305325267,275.0,1500.0,5000.0,ISO267821.0,DigiDoc 1
953,0.837891468334,6.93548898368,275.0,1500.0,5000.0,ISO267821.0,DigiDoc 1
954,0.835544215248,6.93791789128,275.0,1500.0,5000.0,ISO267821.0,DigiDoc 1
955,0.833036308067,6.94033950846,275.0,1500.0,5000.0,ISO267821.0,DigiDoc 1
956,0.830696992883,6.9427543253,275.0,1500.0,5000.0,ISO267821.0,DigiDoc 1
957,0.82817451544,6.94516180935,275.0,1500.0,5000.0,ISO267821.0,DigiDoc 1
958,0.825875300867,6.94756260965,275.0,1500.0,5000.0,ISO267821.0,DigiDoc 1
959,0.823404140497,6.94995622633,275.0,1500.0,5000.0,ISO267821.0,DigiDoc 1
960,0.821092714624,6.95234312376,275.0,1500.0,5000.0,ISO267821.0,DigiDoc 1
961,0.818590981402,6.95472274871,275.0,1500.0,5000.0,ISO267821.0,DigiDoc 1
962,0.816324889006,6.95709578618,275.0,1500.0,5000.0,ISO267821.0,DigiDoc 1
963,0.81387723804,6.95946170838,275.0,1500.0,5000.0,ISO267821.0,DigiDoc 1
964,0.811563667188,6.96182090509,275.0,1500.0,5000.0,ISO267821.0,DigiDoc 1
965,0.809153362246,6.96417309509,275.0,1500.0,5000.0,ISO267821.0,DigiDoc 1
966,0.806875145126,6.96651866237,275.0,1500.0,5000.0,ISO267821.0,DigiDoc 1
967,0.804474066707,6.96885724978,275.0,1500.0,5000.0,ISO267821.0,DigiDoc 1
968,0.80215213767,6.97118908739,275.0,1500.0,5000.0,ISO267821.0,DigiDoc 1
969,0.799801005143,6.97351409031,275.0,1500.0,5000.0,ISO267821.0,DigiDoc 1
970,0.797526735826,6.97583248198,275.0,1500.0,5000.0,ISO267821.0,DigiDoc 1
971,0.795161973562,6.97814399935,275.0,1500.0,5000.0,ISO267821.0,DigiDoc 1
972,0.792894580137,6.98044892545,275.0,1500.0,5000.0,ISO267821.0,DigiDoc 1
973,0.790539072882,6.98274700415,275.0,1500.0,5000.0,ISO267821.0,DigiDoc 1
974,0.788327439693,6.98503865369,275.0,1500.0,5000.0,ISO267821.0,DigiDoc 1
975,0.785921746458,6.98732330993,275.0,1500.0,5000.0,ISO267821.0,DigiDoc 1
976,0.783752711184,6.98960166083,275.0,1500.0,5000.0,ISO267821.0,DigiDoc 1
977,0.781364619551,6.99187306961,275.0,1500.0,5000.0,ISO267821.0,DigiDoc 1
978,0.77918717275,6.9941381486,275.0,1500.0,5000.0,ISO267821.0,DigiDoc 1
979,0.776851415469,6.9963964376,275.0,1500.0,5000.0,ISO267821.0,DigiDoc 1
980,0.774670891864,6.99864838787,275.0,1500.0,5000.0,ISO267821.0,DigiDoc 1
981,0.772349229478,7.00089358911,275.0,1500.0,5000.0,ISO267821.0,DigiDoc 1
982,0.770189663936,7.00313251256,275.0,1500.0,5000.0,ISO267821.0,DigiDoc 1
983,0.767854662163,7.0053646482,275.0,1500.0,5000.0,ISO267821.0,DigiDoc 1
984,0.76570513065,7.00759053521,275.0,1500.0,5000.0,ISO267821.0,DigiDoc 1
985,0.763390847393,7.00980969465,275.0,1500.0,5000.0,ISO267821.0,DigiDoc 1
986,0.761295623054,7.01202276332,275.0,1500.0,5000.0,ISO267821.0,DigiDoc 1
987,0.758964971291,7.01422905684,275.0,1500.0,5000.0,ISO267821.0,DigiDoc 1
988,0.756853374246,7.016429212,275.0,1500.0,5000.0,ISO267821.0,DigiDoc 1
989,0.75454031436,7.01862264315,275.0,1500.0,5000.0,ISO267821.0,DigiDoc 1
990,0.752520403333,7.02081020246,275.0,1500.0,5000.0,ISO267821.0,DigiDoc 1
991,0.749933271253,7.02299024104,275.0,1500.0,5000.0,ISO267821.0,DigiDoc 1
992,0.746245007602,7.02515955792,275.0,1500.0,5000.0,ISO267821.0,DigiDoc 1
993,0.742351159137,7.02731755548,275.0,1500.0,5000.0,ISO267821.0,DigiDoc 1
994,0.738647919132,7.0294647878,275.0,1500.0,5000.0,ISO267821.0,DigiDoc 1
995,0.734410660605,7.03159970251,275.0,1500.0,5000.0,ISO267821.0,DigiDoc 1
996,0.730794040524,7.03372410379,275.0,1500.0,5000.0,ISO267821.0,DigiDoc 1
997,0.726990844697,7.03583744927,275.0,1500.0,5000.0,ISO267821.0,DigiDoc 1
998,0.723096986107,7.03793947539,275.0,1500.0,5000.0,ISO267821.0,DigiDoc 1
999,0.719129581422,7.04002996836,275.0,1500.0,5000.0,ISO267821.0,DigiDoc 1
1000,0.71560654886,7.04211021996,275.0,1500.0,5000.0,ISO267821.0,DigiDoc 1
1001,0.711822399019,7.04417947112,275.0,1500.0,5000.0,ISO267821.0,DigiDoc 1
1002,0.708264246085,7.04623837881,275.0,1500.0,5000.0,ISO267821.0,DigiDoc 1
1003,0.704558630825,7.04828651436,275.0,1500.0,5000.0,ISO267821.0,DigiDoc 1
1004,0.700851703444,7.05032387397,275.0,1500.0,5000.0,ISO267821.0,DigiDoc 1
1005,0.696848066221,7.05234959509,275.0,1500.0,5000.0,ISO267821.0,DigiDoc 1
1006,0.693528471972,7.05436566623,275.0,1500.0,5000.0,ISO267821.0,DigiDoc 1
1007,0.689675025847,7.05637053549,275.0,1500.0,5000.0,ISO267821.0,DigiDoc 1
1008,0.686466288226,7.05836607702,275.0,1500.0,5000.0,ISO267821.0,DigiDoc 1
1009,0.683021648737,7.06035160507,275.0,1500.0,5000.0,ISO267821.0,DigiDoc 1
1010,0.679639024972,7.06232729991,275.0,1500.0,5000.0,ISO267821.0,DigiDoc 1
1011,0.676518948139,7.06429392476,275.0,1500.0,5000.0,ISO267821.0,DigiDoc 1
1012,0.673625284731,7.0662521378,275.0,1500.0,5000.0,ISO267821.0,DigiDoc 1
1013,0.670696882678,7.06820183804,275.0,1500.0,5000.0,ISO267821.0,DigiDoc 1
1014,0.66844385598,7.07014498878,275.0,1500.0,5000.0,ISO267821.0,DigiDoc 1
1015,0.665270867643,7.07207891573,275.0,1500.0,5000.0,ISO267821.0,DigiDoc 1
1016,0.662821734176,7.07400572309,275.0,1500.0,5000.0,ISO267821.0,DigiDoc 1
1017,0.660194103546,7.075924892,275.0,1500.0,5000.0,ISO267821.0,DigiDoc 1
1018,0.65734215405,7.07783577035,275.0,1500.0,5000.0,ISO267821.0,DigiDoc 1
1019,0.653822416364,7.07973641691,275.0,1500.0,5000.0,ISO267821.0,DigiDoc 1
1020,0.648859456425,7.08162263626,275.0,1500.0,5000.0,ISO267821.0,DigiDoc 1
1021,0.641396111926,7.08348715984,275.0,1500.0,5000.0,ISO267821.0,DigiDoc 1
1022,0.632030995076,7.08532445925,275.0,1500.0,5000.0,ISO267821.0,DigiDoc 1
1023,0.620741858329,7.08712894139,275.0,1500.0,5000.0,ISO267821.0,DigiDoc 1
1024,0.607682015785,7.08889545888,275.0,1500.0,5000.0,ISO267821.0,DigiDoc 1
1025,0.592884838055,7.09061896132,275.0,1500.0,5000.0,ISO267821.0,DigiDoc 1
1026,0.578507992033,7.0923006706,275.0,1500.0,5000.0,ISO267821.0,DigiDoc 1
1027,0.563904197522,7.09393992698,275.0,1500.0,5000.0,ISO267821.0,DigiDoc 1
1028,0.549664690313,7.09553778946,275.0,1500.0,5000.0,ISO267821.0,DigiDoc 1
1029,0.535260093252,7.0970937781,275.0,1500.0,5000.0,ISO267821.0,DigiDoc 1
1030,0.520661350915,7.09860732854,275.0,1500.0,5000.0,ISO267821.0,DigiDoc 1
1031,0.504618798678,7.10007424365,275.0,1500.0,5000.0,ISO267821.0,DigiDoc 1
1032,0.487954255036,7.10149271532,275.0,1500.0,5000.0,ISO267821.0,DigiDoc 1
1033,0.46962812423,7.10285791336,275.0,1500.0,5000.0,ISO267821.0,DigiDoc 1
1034,0.450946364237,7.10416880395,275.0,1500.0,5000.0,ISO267821.0,DigiDoc 1
1035,0.430208379658,7.10541940971,275.0,1500.0,5000.0,ISO267821.0,DigiDoc 1
1036,0.409603217409,7.10661011673,275.0,1500.0,5000.0,ISO267821.0,DigiDoc 1
1037,0.38839648923,7.1077391763,275.0,1500.0,5000.0,ISO267821.0,DigiDoc 1
1038,0.367795531403,7.10880834935,275.0,1500.0,5000.0,ISO267821.0,DigiDoc 1
1039,0.34696870877,7.10981697932,275.0,1500.0,5000.0,ISO267821.0,DigiDoc 1
1040,0.326513660752,7.11076614694,275.0,1500.0,5000.0,ISO267821.0,DigiDoc 1
1041,0.305969151938,7.11165559215,275.0,1500.0,5000.0,ISO267821.0,DigiDoc 1
1042,0.285712607014,7.11248615205,275.0,1500.0,5000.0,ISO267821.0,DigiDoc 1
1043,0.2654517465,7.1132578141,275.0,1500.0,5000.0,ISO267821.0,DigiDoc 1
1044,0.245367305937,7.11397109116,275.0,1500.0,5000.0,ISO267821.0,DigiDoc 1
1045,0.225368902573,7.11462623332,275.0,1500.0,5000.0,ISO267821.0,DigiDoc 1
1046,0.205482938262,7.11522356744,275.0,1500.0,5000.0,ISO267821.0,DigiDoc 1
1047,0.185737518873,7.11576350209,275.0,1500.0,5000.0,ISO267821.0,DigiDoc 1
1048,0.167119064076,7.11624931332,275.0,1521.53320312,5000.0,ISO267821.0,DigiDoc 1
1049,0.150398449731,7.11668651811,275.0,1500.0,5000.0,ISO267821.0,DigiDoc 1
1050,0.135952628364,7.11708172924,275.0,1500.0,5000.0,ISO267821.0,DigiDoc 1
1051,0.122836031704,7.11743881073,275.0,1500.0,5000.0,ISO267821.0,DigiDoc 1
1052,0.112644767761,7.11776626645,275.0,1500.0,5000.0,ISO267821.0,DigiDoc 1
1053,0.104017811357,7.11806864381,275.0,1500.0,5000.0,ISO267821.0,DigiDoc 1
1054,0.0966854428601,7.11834970614,275.0,1500.0,5000.0,ISO267821.0,DigiDoc 1
1055,0.0893971025571,7.11860958144,275.0,1500.0,5000.0,ISO267821.0,DigiDoc 1
1056,0.0826436083071,7.11884982449,275.0,1500.0,5000.0,ISO267821.0,DigiDoc 1
1057,0.0751818071163,7.11906837625,275.0,1500.0,5000.0,ISO267821.0,DigiDoc 1
1058,0.068350003745,7.11926706813,275.0,1500.0,5000.0,ISO267821.0,DigiDoc 1
1059,0.0610516702238,7.11944454391,275.0,1500.0,5000.0,ISO267821.0,DigiDoc 1
1060,0.0542070271154,7.11960212248,275.0,1500.0,5000.0,ISO267821.0,DigiDoc 1
1061,0.0472101442788,7.11973936127,275.0,1500.0,5000.0,ISO267821.0,DigiDoc 1
1062,0.0406043619832,7.11985739721,275.0,1500.0,5000.0,ISO267821.0,DigiDoc 1
1063,0.0333025401821,7.11995420692,275.0,1500.0,5000.0,ISO267821.0,DigiDoc 1
1064,0.026865903311,7.12003230547,275.0,1500.0,5000.0,ISO267821.0,DigiDoc 1
1065,0.019608390497,7.12008930661,275.0,1500.0,5000.0,ISO267821.0,DigiDoc 1
1066,0.0159786878078,7.12013575628,275.0,1500.0,5000.0,ISO267821.0,DigiDoc 1
1067,0.0121015869861,7.12017093531,275.0,1500.0,5000.0,ISO267821.0,DigiDoc 1
1068,0.00139825231142,7.120175,275.0,1500.0,5000.0,ISO267821.0,DigiDoc 1
1069,0.0,7.120175,275.0,1500.0,5000.0,ISO267821.0,DigiDoc 1
1070,0.0,7.120175,275.0,1500.0,5000.0,ISO267821.0,DigiDoc 1
1071,0.0,7.120175,275.0,1500.0,5000.0,ISO267821.0,DigiDoc 1
1072,0.0,7.120175,275.0,1500.0,5000.0,ISO267821.0,DigiDoc 1
1073,0.0,7.120175,275.0,1500.0,5000.0,ISO267821.0,DigiDoc 1
1074,0.0,7.120175,275.0,1500.0,5000.0,ISO267821.0,DigiDoc 1
1075,0.0,7.120175,275.0,1500.0,5000.0,ISO267821.0,DigiDoc 1
1076,0.0,7.120175,275.0,1500.0,5000.0,ISO267821.0,DigiDoc 1
1077,0.0,7.120175,275.0,1500.0,5000.0,ISO267821.0,DigiDoc 1
1078,0.0,7.120175,275.0,1500.0,5000.0,ISO267821.0,DigiDoc 1
1079,0.0,7.120175,275.0,1500.0,5000.0,ISO267821.0,DigiDoc 1
1080,0.0,7.120175,275.0,1500.0,5000.0,ISO267821.0,DigiDoc 1
1081,0.0,7.120175,275.0,1500.0,5000.0,ISO267821.0,DigiDoc 1
1082,0.0,7.120175,275.0,1500.0,5000.0,ISO267821.0,DigiDoc 1
1083,0.0,7.120175,275.0,1500.0,5000.0,ISO267821.0,DigiDoc 1
1084,0.0,7.120175,275.0,1500.0,5000.0,ISO267821.0,DigiDoc 1
1085,0.0,7.120175,275.0,1500.0,5000.0,ISO267821.0,DigiDoc 1
1086,0.0,7.120175,275.0,1500.0,5000.0,ISO267821.0,DigiDoc 1
1087,0.0,7.120175,275.0,1500.0,5000.0,ISO267821.0,DigiDoc 1
1088,0.0,7.120175,275.0,1500.0,5000.0,ISO267821.0,DigiDoc 1
1089,0.0,7.120175,275.0,1500.0,5000.0,ISO267821.0,DigiDoc 1
1090,0.0,7.120175,275.0,1500.0,5000.0,ISO267821.0,DigiDoc 1
1091,0.0,7.120175,275.0,1500.0,5000.0,ISO267821.0,DigiDoc 1
1092,0.0,7.120175,275.0,1500.0,5000.0,ISO267821.0,DigiDoc 1
1093,0.0,7.120175,275.0,1500.0,5000.0,ISO267821.0,DigiDoc 1
1094,0.0,7.120175,275.0,1500.0,5000.0,ISO267821.0,DigiDoc 1
1095,0.0,7.120175,275.0,1500.0,5000.0,ISO267821.0,DigiDoc 1
1096,0.0,7.120175,275.0,1500.0,5000.0,ISO267821.0,DigiDoc 1
1097,0.0,7.120175,275.0,1500.0,5000.0,ISO267821.0,DigiDoc 1
1098,0.0,7.120175,275.0,1500.0,5000.0,ISO267821.0,DigiDoc 1
1099,0.0,7.120175,275.0,1500.0,5000.0,ISO267821.0,DigiDoc 1
1100,0.0,7.120175,275.0,1500.0,5000.0,ISO267821.0,DigiDoc 1
1101,0.0,7.120175,275.0,1500.0,5000.0,ISO267821.0,DigiDoc 1
1102,0.0,7.120175,275.0,1500.0,5000.0,ISO267821.0,DigiDoc 1
1103,0.0,7.120175,275.0,1500.0,5000.0,ISO267821.0,DigiDoc 1
1104,0.0,7.120175,275.0,1500.0,5000.0,ISO267821.0,DigiDoc 1
1105,0.0,7.120175,275.0,1500.0,5000.0,ISO267821.0,DigiDoc 1
1106,0.0,7.120175,275.0,1500.0,5000.0,ISO267821.0,DigiDoc 1
1107,0.0,7.120175,275.0,1500.0,5000.0,ISO267821.0,DigiDoc 1
1108,0.0,7.120175,275.0,1500.0,5000.0,ISO267821.0,DigiDoc 1
1109,0.0,7.120175,275.0,1500.0,5000.0,ISO267821.0,DigiDoc 1
1110,0.0,7.120175,275.0,1500.0,5000.0,ISO267821.0,DigiDoc 1
1111,0.0,7.120175,275.0,1500.0,5000.0,ISO267821.0,DigiDoc 1
1112,0.0,7.120175,275.0,1500.0,5000.0,ISO267821.0,DigiDoc 1
1113,0.0,7.120175,275.0,1500.0,5000.0,ISO267821.0,DigiDoc 1
1114,0.0,7.120175,275.0,1500.0,5000.0,ISO267821.0,DigiDoc 1
1115,0.0,7.120175,275.0,1500.0,5000.0,ISO267821.0,DigiDoc 1
1116,0.0,7.120175,275.0,1500.0,5000.0,ISO267821.0,DigiDoc 1
1117,0.0,7.120175,275.0,1500.0,5000.0,ISO267821.0,DigiDoc 1
1118,0.0,7.120175,275.0,1500.0,5000.0,ISO267821.0,DigiDoc 1
1119,0.0,7.120175,275.0,1500.0,5000.0,ISO267821.0,DigiDoc 1
1120,0.0,7.120175,275.0,1500.0,5000.0,ISO267821.0,DigiDoc 1
1121,0.0,7.120175,275.0,1500.0,5000.0,ISO267821.0,DigiDoc 1
1122,0.0,7.120175,275.0,1500.0,5000.0,ISO267821.0,DigiDoc 1
1123,0.0,7.120175,275.0,1500.0,5000.0,ISO267821.0,DigiDoc 1
1124,0.0,7.120175,275.0,1500.0,5000.0,ISO267821.0,DigiDoc 1
1125,0.0,7.120175,275.0,1500.0,5000.0,ISO267821.0,DigiDoc 1
1126,0.0,7.120175,275.0,1500.0,5000.0,ISO267821.0,DigiDoc 1
1127,0.0,7.120175,275.0,1500.0,5000.0,ISO267821.0,DigiDoc 1
1128,0.0,7.120175,275.0,1500.0,5000.0,ISO267821.0,DigiDoc 1
1129,0.0,7.120175,275.0,1500.0,5000.0,ISO267821.0,DigiDoc 1
1130,0.0,7.120175,275.0,1500.0,5000.0,ISO267821.0,DigiDoc 1
1131,0.0,7.120175,275.0,1500.0,5000.0,ISO267821.0,DigiDoc 1
1132,0.0,7.120175,275.0,1500.0,5000.0,ISO267821.0,DigiDoc 1
1133,0.0,7.120175,275.0,1500.0,5000.0,ISO267821.0,DigiDoc 1
1134,0.0,7.120175,275.0,1500.0,5000.0,ISO267821.0,DigiDoc 1
1135,0.0,7.120175,275.0,1500.0,5000.0,ISO267821.0,DigiDoc 1
1136,0.0,7.120175,275.0,1500.0,5000.0,ISO267821.0,DigiDoc 1
1137,0.0,7.120175,275.0,1500.0,5000.0,ISO267821.0,DigiDoc 1
1138,0.0,7.120175,275.0,1500.0,5000.0,ISO267821.0,DigiDoc 1
1139,0.0,7.120175,275.0,1500.0,5000.0,ISO267821.0,DigiDoc 1
1140,0.0,7.120175,275.0,1500.0,5000.0,ISO267821.0,DigiDoc 1
1141,0.0,7.120175,275.0,1500.0,5000.0,ISO267821.0,DigiDoc 1
1142,0.0,7.120175,275.0,1500.0,5000.0,ISO267821.0,DigiDoc 1
1143,0.0,7.120175,275.0,1500.0,5000.0,ISO267821.0,DigiDoc 1
1144,0.0,7.120175,275.0,1500.0,5000.0,ISO267821.0,DigiDoc 1
1145,0.0,7.120175,275.0,1500.0,5000.0,ISO267821.0,DigiDoc 1
1146,0.0,7.120175,275.0,1500.0,5000.0,ISO267821.0,DigiDoc 1
1147,0.0,7.120175,275.0,1500.0,5000.0,ISO267821.0,DigiDoc 1
1148,0.0,7.120175,275.0,1500.0,5000.0,ISO267821.0,DigiDoc 1
1149,0.0,7.120175,275.0,1500.0,5000.0,ISO267821.0,DigiDoc 1
1150,0.0,7.120175,275.0,1500.0,5000.0,ISO267821.0,DigiDoc 1
1151,0.0,7.120175,275.0,1500.0,5000.0,ISO267821.0,DigiDoc 1
1152,0.0,7.120175,275.0,1500.0,5000.0,ISO267821.0,DigiDoc 1
1153,0.0,7.120175,275.0,1500.0,5000.0,ISO267821.0,DigiDoc 1
1154,0.0,7.120175,275.0,1500.0,5000.0,ISO267821.0,DigiDoc 1
1155,0.0,7.120175,275.0,1500.0,5000.0,ISO267821.0,DigiDoc 1
1156,0.0,7.120175,275.0,1500.0,5000.0,ISO267821.0,DigiDoc 1
1157,0.0,7.120175,275.0,1500.0,5000.0,ISO267821.0,DigiDoc 1
1158,0.0,7.120175,275.0,1500.0,5000.0,ISO267821.0,DigiDoc 1
1159,0.0,7.120175,275.0,1500.0,5000.0,ISO267821.0,DigiDoc 1
1160,0.0,7.120175,275.0,1500.0,5000.0,ISO267821.0,DigiDoc 1
1161,0.0,7.120175,275.0,1500.0,5000.0,ISO267821.0,DigiDoc 1
1162,0.0,7.120175,275.0,1500.0,5000.0,ISO267821.0,DigiDoc 1
1163,0.0,7.120175,275.0,1500.0,5000.0,ISO267821.0,DigiDoc 1
1164,0.0,7.120175,275.0,1500.0,5000.0,ISO267821.0,DigiDoc 1
1165,0.0,7.120175,275.0,1500.0,5000.0,ISO267821.0,DigiDoc 1
1166,0.0,7.120175,275.0,1500.0,5000.0,ISO267821.0,DigiDoc 1
1167,0.0,7.120175,275.0,1500.0,5000.0,ISO267821.0,DigiDoc 1
1168,0.0,7.120175,275.0,1500.0,5000.0,ISO267821.0,DigiDoc 1
1169,0.0,7.120175,275.0,1500.0,5000.0,ISO267821.0,DigiDoc 1
1170,0.0,7.120175,275.0,1500.0,5000.0,ISO267821.0,DigiDoc 1
1171,0.0,7.120175,275.0,1500.0,5000.0,ISO267821.0,DigiDoc 1
1172,0.0,7.120175,275.0,1500.0,5000.0,ISO267821.0,DigiDoc 1
1173,0.0,7.120175,275.0,1500.0,5000.0,ISO267821.0,DigiDoc 1
1174,0.0,7.120175,275.0,1500.0,5000.0,ISO267821.0,DigiDoc 1
1175,0.0,7.120175,275.0,1500.0,5000.0,ISO267821.0,DigiDoc 1
1176,0.0,7.120175,275.0,1500.0,5000.0,ISO267821.0,DigiDoc 1
1177,0.0,7.120175,275.0,1500.0,5000.0,ISO267821.0,DigiDoc 1
1178,0.0,7.120175,275.0,1500.0,5000.0,ISO267821.0,DigiDoc 1
1179,0.0,7.120175,275.0,1500.0,5000.0,ISO267821.0,DigiDoc 1
1180,0.0,7.120175,275.0,1500.0,5000.0,ISO267821.0,DigiDoc 1
1181,0.0,7.120175,275.0,1500.0,5000.0,ISO267821.0,DigiDoc 1
1182,0.0,7.120175,275.0,1500.0,5000.0,ISO267821.0,DigiDoc 1
1183,0.0,7.120175,275.0,1500.0,5000.0,ISO267821.0,DigiDoc 1
1184,0.0,7.120175,275.0,1500.0,5000.0,ISO267821.0,DigiDoc 1
1185,0.0,7.120175,275.0,1500.0,5000.0,ISO267821.0,DigiDoc 1
1186,0.0,7.120175,275.0,1500.0,5000.0,ISO267821.0,DigiDoc 1
1187,0.0,7.120175,275.0,1500.0,5000.0,ISO267821.0,DigiDoc 1
1188,0.0,7.120175,275.0,1500.0,5000.0,ISO267821.0,DigiDoc 1
1189,0.0,7.120175,275.0,1500.0,5000.0,ISO267821.0,DigiDoc 1
1190,0.0,7.120175,275.0,1500.0,5000.0,ISO267821.0,DigiDoc 1
1191,0.0,7.120175,275.0,1500.0,5000.0,ISO267821.0,DigiDoc 1
1192,0.0,7.120175,275.0,1500.0,5000.0,ISO267821.0,DigiDoc 1
1193,0.0,7.120175,275.0,1500.0,5000.0,ISO267821.0,DigiDoc 1
1194,0.0,7.120175,275.0,1500.0,5000.0,ISO267821.0,DigiDoc 1
1195,0.0,7.120175,275.0,1500.0,5000.0,ISO267821.0,DigiDoc 1
1196,0.0,7.120175,275.0,1500.0,5000.0,ISO267821.0,DigiDoc 1
1197,0.0,7.120175,275.0,1500.0,5000.0,ISO267821.0,DigiDoc 1
1198,0.0,7.120175,275.0,1500.0,5000.0,ISO267821.0,DigiDoc 1
1199,0.0,7.120175,275.0,1500.0,5000.0,ISO267821.0,DigiDoc 1
1200,0.0,7.120175,275.0,1500.0,5000.0,ISO267821.0,DigiDoc 1
1201,0.0,7.120175,275.0,1500.0,5000.0,ISO267821.0,DigiDoc 1
1202,0.0,7.120175,275.0,1500.0,5000.0,ISO267821.0,DigiDoc 1
1203,0.0,7.120175,275.0,1500.0,5000.0,ISO267821.0,DigiDoc 1
